"company_id","ticker","exchange","name","universe_type","priority","status","last_updated_at","last_source_refresh_at","latest_annual_source_id","latest_quarterly_source_id","data_depth","relationship_depth","next_action","notes"
"US_MSFT","MSFT","NASDAQ","Microsoft","US_LARGE_CAP_RESEARCH_UNIVERSE","high","documents_indexed","2026-07-05","2026-07-05","source_sec_msft_2025_10k","source_sec_msft_2026_10q","company+official_sources+local_documents+rag_chunks+chroma_index","core_product_exposure_only","extract supply/customer/product/application relationships as candidate; review before verification","Use official SEC sources; keep extracted relationships candidate until reviewed. Official SEC documents downloaded, parsed, and fully indexed in Chroma on 2026-07-05."
"US_GOOGL","GOOGL","NASDAQ","Alphabet","US_LARGE_CAP_RESEARCH_UNIVERSE","high","documents_indexed","2026-07-05","2026-07-05","source_sec_googl_2025_10k","source_sec_googl_2026_10q","company+official_sources+local_documents+rag_chunks+chroma_index","core_product_exposure_only","extract supply/customer/product/application relationships as candidate; review before verification","Use official SEC sources; keep extracted relationships candidate until reviewed. Official SEC documents downloaded, parsed, and fully indexed in Chroma on 2026-07-05."
"US_AMZN","AMZN","NASDAQ","Amazon","US_LARGE_CAP_RESEARCH_UNIVERSE","high","documents_indexed","2026-07-05","2026-07-05","source_sec_amzn_2025_10k","source_sec_amzn_2026_10q","company+official_sources+local_documents+rag_chunks+chroma_index","core_product_exposure_only","extract supply/customer/product/application relationships as candidate; review before verification","Use official SEC sources; keep extracted relationships candidate until reviewed. Official SEC documents downloaded, parsed, and fully indexed in Chroma on 2026-07-05."
"US_META","META","NASDAQ","Meta","US_LARGE_CAP_RESEARCH_UNIVERSE","high","documents_indexed","2026-07-05","2026-07-05","source_sec_meta_2025_10k","source_sec_meta_2026_10q","company+official_sources+local_documents+rag_chunks+chroma_index","core_product_exposure_only","extract supply/customer/product/application relationships as candidate; review before verification","Use official SEC sources; keep extracted relationships candidate until reviewed. Official SEC documents downloaded, parsed, and fully indexed in Chroma on 2026-07-05."
"US_TSLA","TSLA","NASDAQ","Tesla","US_LARGE_CAP_RESEARCH_UNIVERSE","high","candidate_relationships_loaded","2026-07-05","2026-07-05","source_sec_tsla_2025_10k","source_sec_tsla_2026_10q","company+official_sources+local_documents+rag_chunks+chroma_index","core_product_exposure+rag_candidate_relationships_round1","review loaded candidate relationships in Neo4j before verification; expand unresolved entity coverage before next extraction round","Use official SEC sources; keep extracted relationships candidate until reviewed. Official SEC documents downloaded, parsed, and fully indexed in Chroma on 2026-07-05. RAG round1 loaded 1 reviewed llm_extraction candidate relationship(s) from ingestion/rag/extracted/us_round1_candidates_reviewed.jsonl on 2026-07-05."
"US_AVGO","AVGO","NASDAQ","Broadcom","US_LARGE_CAP_RESEARCH_UNIVERSE","high","documents_indexed","2026-07-05","2026-07-05","source_sec_avgo_2025_10k","source_sec_avgo_2026_10q","company+official_sources+local_documents+rag_chunks+chroma_index","core_product_exposure_only","extract supply/customer/product/application relationships as candidate; review before verification","Use official SEC sources; keep extracted relationships candidate until reviewed. Official SEC documents downloaded, parsed, and fully indexed in Chroma on 2026-07-05."
"US_ORCL","ORCL","NYSE","Oracle","US_LARGE_CAP_RESEARCH_UNIVERSE","high","documents_indexed","2026-07-05","2026-07-05","source_sec_orcl_2026_10k","source_sec_orcl_2026_10q","company+official_sources+local_documents+rag_chunks+chroma_index","core_product_exposure_only","extract supply/customer/product/application relationships as candidate; review before verification","Use official SEC sources; keep extracted relationships candidate until reviewed. Official SEC documents downloaded, parsed, and fully indexed in Chroma on 2026-07-05."
"US_CRM","CRM","NYSE","Salesforce","US_LARGE_CAP_RESEARCH_UNIVERSE","high","documents_indexed","2026-07-05","2026-07-05","source_sec_crm_2026_10k","source_sec_crm_2026_10q","company+official_sources+local_documents+rag_chunks+chroma_index","core_product_exposure_only","extract supply/customer/product/application relationships as candidate; review before verification","Use official SEC sources; keep extracted relationships candidate until reviewed. Official SEC documents downloaded, parsed, and fully indexed in Chroma on 2026-07-05."
"US_NFLX","NFLX","NASDAQ","Netflix","US_LARGE_CAP_RESEARCH_UNIVERSE","high","documents_indexed","2026-07-05","2026-07-05","source_sec_nflx_2025_10k","source_sec_nflx_2026_10q","company+official_sources+local_documents+rag_chunks+chroma_index","core_product_exposure_only","extract supply/customer/product/application relationships as candidate; review before verification","Use official SEC sources; keep extracted relationships candidate until reviewed. Official SEC documents downloaded, parsed, and fully indexed in Chroma on 2026-07-05."
"US_ADBE","ADBE","NASDAQ","Adobe","US_LARGE_CAP_RESEARCH_UNIVERSE","high","documents_indexed","2026-07-05","2026-07-05","source_sec_adbe_2025_10k","source_sec_adbe_2026_10q","company+official_sources+local_documents+rag_chunks+chroma_index","core_product_exposure_only","extract supply/customer/product/application relationships as candidate; review before verification","Use official SEC sources; keep extracted relationships candidate until reviewed. Official SEC documents downloaded, parsed, and fully indexed in Chroma on 2026-07-05."
"US_QCOM","QCOM","NASDAQ","Qualcomm","US_LARGE_CAP_RESEARCH_UNIVERSE","high","documents_indexed","2026-07-05","2026-07-05","source_sec_qcom_2025_10k","source_sec_qcom_2026_10q","company+official_sources+local_documents+rag_chunks+chroma_index","core_product_exposure_only","extract supply/customer/product/application relationships as candidate; review before verification","Use official SEC sources; keep extracted relationships candidate until reviewed. Official SEC documents downloaded, parsed, and fully indexed in Chroma on 2026-07-05."
"US_INTC","INTC","NASDAQ","Intel","US_LARGE_CAP_RESEARCH_UNIVERSE","high","documents_indexed","2026-07-05","2026-07-05","source_sec_intc_2025_10k","source_sec_intc_2026_10q","company+official_sources+local_documents+rag_chunks+chroma_index","core_product_exposure_only","extract supply/customer/product/application relationships as candidate; review before verification","Use official SEC sources; keep extracted relationships candidate until reviewed. Official SEC documents downloaded, parsed, and fully indexed in Chroma on 2026-07-05."
"US_IBM","IBM","NYSE","IBM","US_LARGE_CAP_RESEARCH_UNIVERSE","high","documents_indexed","2026-07-05","2026-07-05","source_sec_ibm_2025_10k","source_sec_ibm_2026_10q","company+official_sources+local_documents+rag_chunks+chroma_index","core_product_exposure_only","extract supply/customer/product/application relationships as candidate; review before verification","Use official SEC sources; keep extracted relationships candidate until reviewed. Official SEC documents downloaded, parsed, and fully indexed in Chroma on 2026-07-05."
"US_CSCO","CSCO","NASDAQ","Cisco","US_LARGE_CAP_RESEARCH_UNIVERSE","high","documents_indexed","2026-07-05","2026-07-05","source_sec_csco_2025_10k","source_sec_csco_2026_10q","company+official_sources+local_documents+rag_chunks+chroma_index","core_product_exposure_only","extract supply/customer/product/application relationships as candidate; review before verification","Use official SEC sources; keep extracted relationships candidate until reviewed. Official SEC documents downloaded, parsed, and fully indexed in Chroma on 2026-07-05."
"US_TXN","TXN","NASDAQ","Texas Instruments","US_LARGE_CAP_RESEARCH_UNIVERSE","high","documents_indexed","2026-07-05","2026-07-05","source_sec_txn_2025_10k","source_sec_txn_2026_10q","company+official_sources+local_documents+rag_chunks+chroma_index","core_product_exposure_only","extract supply/customer/product/application relationships as candidate; review before verification","Use official SEC sources; keep extracted relationships candidate until reviewed. Official SEC documents downloaded, parsed, and fully indexed in Chroma on 2026-07-05."
"US_AMAT","AMAT","NASDAQ","Applied Materials","US_LARGE_CAP_RESEARCH_UNIVERSE","high","documents_indexed","2026-07-05","2026-07-05","source_sec_amat_2025_10k","source_sec_amat_2026_10q","company+official_sources+local_documents+rag_chunks+chroma_index","core_product_exposure_only","extract supply/customer/product/application relationships as candidate; review before verification","Use official SEC sources; keep extracted relationships candidate until reviewed. Official SEC documents downloaded, parsed, and fully indexed in Chroma on 2026-07-05."
"US_LRCX","LRCX","NASDAQ","Lam Research","US_LARGE_CAP_RESEARCH_UNIVERSE","high","documents_indexed","2026-07-05","2026-07-05","source_sec_lrcx_2025_10k","source_sec_lrcx_2026_10q","company+official_sources+local_documents+rag_chunks+chroma_index","core_product_exposure_only","extract supply/customer/product/application relationships as candidate; review before verification","Use official SEC sources; keep extracted relationships candidate until reviewed. Official SEC documents downloaded, parsed, and fully indexed in Chroma on 2026-07-05."
"US_NOW","NOW","NYSE","ServiceNow","US_LARGE_CAP_RESEARCH_UNIVERSE","high","documents_indexed","2026-07-05","2026-07-05","source_sec_now_2025_10k","source_sec_now_2026_10q","company+official_sources+local_documents+rag_chunks+chroma_index","core_product_exposure_only","extract supply/customer/product/application relationships as candidate; review before verification","Use official SEC sources; keep extracted relationships candidate until reviewed. Official SEC documents downloaded, parsed, and fully indexed in Chroma on 2026-07-05."
"US_PANW","PANW","NASDAQ","Palo Alto Networks","US_LARGE_CAP_RESEARCH_UNIVERSE","high","documents_indexed","2026-07-05","2026-07-05","source_sec_panw_2025_10k","source_sec_panw_2026_10q","company+official_sources+local_documents+rag_chunks+chroma_index","core_product_exposure_only","extract supply/customer/product/application relationships as candidate; review before verification","Use official SEC sources; keep extracted relationships candidate until reviewed. Official SEC documents downloaded, parsed, and fully indexed in Chroma on 2026-07-05."
"US_UBER","UBER","NYSE","Uber","US_LARGE_CAP_RESEARCH_UNIVERSE","high","documents_indexed","2026-07-05","2026-07-05","source_sec_uber_2025_10k","source_sec_uber_2026_10q","company+official_sources+local_documents+rag_chunks+chroma_index","core_product_exposure_only","extract supply/customer/product/application relationships as candidate; review before verification","Use official SEC sources; keep extracted relationships candidate until reviewed. Official SEC documents downloaded, parsed, and fully indexed in Chroma on 2026-07-05."
"US_JPM","JPM","NYSE","JPMorgan Chase","US_LARGE_CAP_RESEARCH_UNIVERSE","high","documents_indexed","2026-07-05","2026-07-05","source_sec_jpm_2025_10k","source_sec_jpm_2026_10q","company+official_sources+local_documents+rag_chunks+chroma_index","core_product_exposure_only","extract supply/customer/product/application relationships as candidate; review before verification","Use official SEC sources; keep extracted relationships candidate until reviewed. Official SEC documents downloaded, parsed, and fully indexed in Chroma on 2026-07-05."
"US_V","V","NYSE","Visa","US_LARGE_CAP_RESEARCH_UNIVERSE","high","documents_indexed","2026-07-05","2026-07-05","source_sec_v_2025_10k","source_sec_v_2026_10q","company+official_sources+local_documents+rag_chunks+chroma_index","core_product_exposure_only","extract supply/customer/product/application relationships as candidate; review before verification","Use official SEC sources; keep extracted relationships candidate until reviewed. Official SEC documents downloaded, parsed, and fully indexed in Chroma on 2026-07-05."
"US_MA","MA","NYSE","Mastercard","US_LARGE_CAP_RESEARCH_UNIVERSE","high","documents_indexed","2026-07-05","2026-07-05","source_sec_ma_2025_10k","source_sec_ma_2026_10q","company+official_sources+local_documents+rag_chunks+chroma_index","core_product_exposure_only","extract supply/customer/product/application relationships as candidate; review before verification","Use official SEC sources; keep extracted relationships candidate until reviewed. Official SEC documents downloaded, parsed, and fully indexed in Chroma on 2026-07-05."
"US_WMT","WMT","NYSE","Walmart","US_LARGE_CAP_RESEARCH_UNIVERSE","high","documents_indexed","2026-07-05","2026-07-05","source_sec_wmt_2026_10k","source_sec_wmt_2026_10q","company+official_sources+local_documents+rag_chunks+chroma_index","core_product_exposure_only","extract supply/customer/product/application relationships as candidate; review before verification","Use official SEC sources; keep extracted relationships candidate until reviewed. Official SEC documents downloaded, parsed, and fully indexed in Chroma on 2026-07-05."
"US_LLY","LLY","NYSE","Eli Lilly","US_LARGE_CAP_RESEARCH_UNIVERSE","high","documents_indexed","2026-07-05","2026-07-05","source_sec_lly_2025_10k","source_sec_lly_2026_10q","company+official_sources+local_documents+rag_chunks+chroma_index","core_product_exposure_only","extract supply/customer/product/application relationships as candidate; review before verification","Use official SEC sources; keep extracted relationships candidate until reviewed. Official SEC documents downloaded, parsed, and fully indexed in Chroma on 2026-07-05."
"US_UNH","UNH","NYSE","UnitedHealth Group","US_LARGE_CAP_RESEARCH_UNIVERSE","high","documents_indexed","2026-07-05","2026-07-05","source_sec_unh_2025_10k","source_sec_unh_2026_10q","company+official_sources+local_documents+rag_chunks+chroma_index","core_product_exposure_only","extract supply/customer/product/application relationships as candidate; review before verification","Use official SEC sources; keep extracted relationships candidate until reviewed. Official SEC documents downloaded, parsed, and fully indexed in Chroma on 2026-07-05."
"US_JNJ","JNJ","NYSE","Johnson & Johnson","US_LARGE_CAP_RESEARCH_UNIVERSE","high","documents_indexed","2026-07-05","2026-07-05","source_sec_jnj_2025_10k","source_sec_jnj_2026_10q","company+official_sources+local_documents+rag_chunks+chroma_index","core_product_exposure_only","extract supply/customer/product/application relationships as candidate; review before verification","Use official SEC sources; keep extracted relationships candidate until reviewed. Official SEC documents downloaded, parsed, and fully indexed in Chroma on 2026-07-05."
"US_ABBV","ABBV","NYSE","AbbVie","US_LARGE_CAP_RESEARCH_UNIVERSE","high","documents_indexed","2026-07-05","2026-07-05","source_sec_abbv_2025_10k","source_sec_abbv_2026_10q","company+official_sources+local_documents+rag_chunks+chroma_index","core_product_exposure_only","extract supply/customer/product/application relationships as candidate; review before verification","Use official SEC sources; keep extracted relationships candidate until reviewed. Official SEC documents downloaded, parsed, and fully indexed in Chroma on 2026-07-05."
"US_MRK","MRK","NYSE","Merck","US_LARGE_CAP_RESEARCH_UNIVERSE","high","documents_indexed","2026-07-05","2026-07-05","source_sec_mrk_2025_10k","source_sec_mrk_2026_10q","company+official_sources+local_documents+rag_chunks+chroma_index","core_product_exposure_only","extract supply/customer/product/application relationships as candidate; review before verification","Use official SEC sources; keep extracted relationships candidate until reviewed. Official SEC documents downloaded, parsed, and fully indexed in Chroma on 2026-07-05."
"US_ABT","ABT","NYSE","Abbott","US_LARGE_CAP_RESEARCH_UNIVERSE","high","documents_indexed","2026-07-05","2026-07-05","source_sec_abt_2025_10k","source_sec_abt_2026_10q","company+official_sources+local_documents+rag_chunks+chroma_index","core_product_exposure_only","extract supply/customer/product/application relationships as candidate; review before verification","Use official SEC sources; keep extracted relationships candidate until reviewed. Official SEC documents downloaded, parsed, and fully indexed in Chroma on 2026-07-05."
"US_TMO","TMO","NYSE","Thermo Fisher Scientific","US_LARGE_CAP_RESEARCH_UNIVERSE","high","documents_indexed","2026-07-05","2026-07-05","source_sec_tmo_2025_10k","source_sec_tmo_2026_10q","company+official_sources+local_documents+rag_chunks+chroma_index","core_product_exposure_only","extract supply/customer/product/application relationships as candidate; review before verification","Use official SEC sources; keep extracted relationships candidate until reviewed. Official SEC documents downloaded, parsed, and fully indexed in Chroma on 2026-07-05."
"US_ISRG","ISRG","NASDAQ","Intuitive Surgical","US_LARGE_CAP_RESEARCH_UNIVERSE","high","documents_indexed","2026-07-05","2026-07-05","source_sec_isrg_2025_10k","source_sec_isrg_2026_10q","company+official_sources+local_documents+rag_chunks+chroma_index","core_product_exposure_only","extract supply/customer/product/application relationships as candidate; review before verification","Use official SEC sources; keep extracted relationships candidate until reviewed. Official SEC documents downloaded, parsed, and fully indexed in Chroma on 2026-07-05."
"US_XOM","XOM","NYSE","Exxon Mobil","US_LARGE_CAP_RESEARCH_UNIVERSE","high","documents_indexed","2026-07-05","2026-07-05","source_sec_xom_2025_10k","source_sec_xom_2026_10q","company+official_sources+local_documents+rag_chunks+chroma_index","core_product_exposure_only","extract supply/customer/product/application relationships as candidate; review before verification","Use official SEC sources; keep extracted relationships candidate until reviewed. Official SEC documents downloaded, parsed, and fully indexed in Chroma on 2026-07-05."
"US_CVX","CVX","NYSE","Chevron","US_LARGE_CAP_RESEARCH_UNIVERSE","high","documents_indexed","2026-07-05","2026-07-05","source_sec_cvx_2025_10k","source_sec_cvx_2026_10q","company+official_sources+local_documents+rag_chunks+chroma_index","core_product_exposure_only","extract supply/customer/product/application relationships as candidate; review before verification","Use official SEC sources; keep extracted relationships candidate until reviewed. Official SEC documents downloaded, parsed, and fully indexed in Chroma on 2026-07-05."
"US_COP","COP","NYSE","ConocoPhillips","US_LARGE_CAP_RESEARCH_UNIVERSE","high","documents_indexed","2026-07-05","2026-07-05","source_sec_cop_2025_10k","source_sec_cop_2026_10q","company+official_sources+local_documents+rag_chunks+chroma_index","core_product_exposure_only","extract supply/customer/product/application relationships as candidate; review before verification","Use official SEC sources; keep extracted relationships candidate until reviewed. Official SEC documents downloaded, parsed, and fully indexed in Chroma on 2026-07-05."
"US_SLB","SLB","NYSE","SLB","US_LARGE_CAP_RESEARCH_UNIVERSE","high","documents_indexed","2026-07-05","2026-07-05","source_sec_slb_2025_10k","source_sec_slb_2026_10q","company+official_sources+local_documents+rag_chunks+chroma_index","core_product_exposure_only","extract supply/customer/product/application relationships as candidate; review before verification","Use official SEC sources; keep extracted relationships candidate until reviewed. Official SEC documents downloaded, parsed, and fully indexed in Chroma on 2026-07-05."
"US_COST","COST","NASDAQ","Costco","US_LARGE_CAP_RESEARCH_UNIVERSE","high","candidate_relationships_loaded","2026-07-05","2026-07-05","source_sec_cost_2025_10k","source_sec_cost_2026_10q","company+official_sources+local_documents+rag_chunks+chroma_index","core_product_exposure+rag_candidate_relationships_round1","review loaded candidate relationships in Neo4j before verification; expand unresolved entity coverage before next extraction round","Use official SEC sources; keep extracted relationships candidate until reviewed. Official SEC documents downloaded, parsed, and fully indexed in Chroma on 2026-07-05. RAG round1 loaded 3 reviewed llm_extraction candidate relationship(s) from ingestion/rag/extracted/us_round1_candidates_reviewed.jsonl on 2026-07-05."
"US_HD","HD","NYSE","Home Depot","US_LARGE_CAP_RESEARCH_UNIVERSE","high","documents_indexed","2026-07-05","2026-07-05","source_sec_hd_2026_10k","source_sec_hd_2026_10q","company+official_sources+local_documents+rag_chunks+chroma_index","core_product_exposure_only","extract supply/customer/product/application relationships as candidate; review before verification","Use official SEC sources; keep extracted relationships candidate until reviewed. Official SEC documents downloaded, parsed, and fully indexed in Chroma on 2026-07-05."
"US_MCD","MCD","NYSE","McDonald's","US_LARGE_CAP_RESEARCH_UNIVERSE","high","documents_indexed","2026-07-05","2026-07-05","source_sec_mcd_2025_10k","source_sec_mcd_2026_10q","company+official_sources+local_documents+rag_chunks+chroma_index","core_product_exposure_only","extract supply/customer/product/application relationships as candidate; review before verification","Use official SEC sources; keep extracted relationships candidate until reviewed. Official SEC documents downloaded, parsed, and fully indexed in Chroma on 2026-07-05."
"US_SBUX","SBUX","NASDAQ","Starbucks","US_LARGE_CAP_RESEARCH_UNIVERSE","high","documents_indexed","2026-07-05","2026-07-05","source_sec_sbux_2025_10k","source_sec_sbux_2026_10q","company+official_sources+local_documents+rag_chunks+chroma_index","core_product_exposure_only","extract supply/customer/product/application relationships as candidate; review before verification","Use official SEC sources; keep extracted relationships candidate until reviewed. Official SEC documents downloaded, parsed, and fully indexed in Chroma on 2026-07-05."
"US_KO","KO","NYSE","Coca-Cola","US_LARGE_CAP_RESEARCH_UNIVERSE","high","documents_indexed","2026-07-05","2026-07-05","source_sec_ko_2025_10k","source_sec_ko_2026_10q","company+official_sources+local_documents+rag_chunks+chroma_index","core_product_exposure_only","extract supply/customer/product/application relationships as candidate; review before verification","Use official SEC sources; keep extracted relationships candidate until reviewed. Official SEC documents downloaded, parsed, and fully indexed in Chroma on 2026-07-05."
"US_PEP","PEP","NASDAQ","PepsiCo","US_LARGE_CAP_RESEARCH_UNIVERSE","high","candidate_relationships_loaded","2026-07-05","2026-07-05","source_sec_pep_2025_10k","source_sec_pep_2026_10q","company+official_sources+local_documents+rag_chunks+chroma_index","core_product_exposure+rag_candidate_relationships_round1","review loaded candidate relationships in Neo4j before verification; expand unresolved entity coverage before next extraction round","Use official SEC sources; keep extracted relationships candidate until reviewed. Official SEC documents downloaded, parsed, and fully indexed in Chroma on 2026-07-05. RAG round1 loaded 1 reviewed llm_extraction candidate relationship(s) from ingestion/rag/extracted/us_round1_candidates_reviewed.jsonl on 2026-07-05."
"US_PG","PG","NYSE","Procter & Gamble","US_LARGE_CAP_RESEARCH_UNIVERSE","high","documents_indexed","2026-07-05","2026-07-05","source_sec_pg_2025_10k","source_sec_pg_2026_10q","company+official_sources+local_documents+rag_chunks+chroma_index","core_product_exposure_only","extract supply/customer/product/application relationships as candidate; review before verification","Use official SEC sources; keep extracted relationships candidate until reviewed. Official SEC documents downloaded, parsed, and fully indexed in Chroma on 2026-07-05."
"US_BAC","BAC","NYSE","Bank of America","US_LARGE_CAP_RESEARCH_UNIVERSE","high","documents_indexed","2026-07-05","2026-07-05","source_sec_bac_2025_10k","source_sec_bac_2026_10q","company+official_sources+local_documents+rag_chunks+chroma_index","core_product_exposure_only","extract supply/customer/product/application relationships as candidate; review before verification","Use official SEC sources; keep extracted relationships candidate until reviewed. Official SEC documents downloaded, parsed, and fully indexed in Chroma on 2026-07-05."
"US_WFC","WFC","NYSE","Wells Fargo","US_LARGE_CAP_RESEARCH_UNIVERSE","high","documents_indexed","2026-07-05","2026-07-05","source_sec_wfc_2025_10k","source_sec_wfc_2026_10q","company+official_sources+local_documents+rag_chunks+chroma_index","core_product_exposure_only","extract supply/customer/product/application relationships as candidate; review before verification","Use official SEC sources; keep extracted relationships candidate until reviewed. Official SEC documents downloaded, parsed, and fully indexed in Chroma on 2026-07-05."
"US_GS","GS","NYSE","Goldman Sachs","US_LARGE_CAP_RESEARCH_UNIVERSE","high","documents_indexed","2026-07-05","2026-07-05","source_sec_gs_2025_10k","source_sec_gs_2026_10q","company+official_sources+local_documents+rag_chunks+chroma_index","core_product_exposure_only","extract supply/customer/product/application relationships as candidate; review before verification","Use official SEC sources; keep extracted relationships candidate until reviewed. Official SEC documents downloaded, parsed, and fully indexed in Chroma on 2026-07-05."
"US_MS","MS","NYSE","Morgan Stanley","US_LARGE_CAP_RESEARCH_UNIVERSE","high","documents_indexed","2026-07-05","2026-07-05","source_sec_ms_2025_10k","source_sec_ms_2026_10q","company+official_sources+local_documents+rag_chunks+chroma_index","core_product_exposure_only","extract supply/customer/product/application relationships as candidate; review before verification","Use official SEC sources; keep extracted relationships candidate until reviewed. Official SEC documents downloaded, parsed, and fully indexed in Chroma on 2026-07-05."
"US_BLK","BLK","NYSE","BlackRock","US_LARGE_CAP_RESEARCH_UNIVERSE","high","documents_indexed","2026-07-05","2026-07-05","source_sec_blk_2025_10k","source_sec_blk_2026_10q","company+official_sources+local_documents+rag_chunks+chroma_index","core_product_exposure_only","extract supply/customer/product/application relationships as candidate; review before verification","Use official SEC sources; keep extracted relationships candidate until reviewed. Official SEC documents downloaded, parsed, and fully indexed in Chroma on 2026-07-05."
"US_SPGI","SPGI","NYSE","S&P Global","US_LARGE_CAP_RESEARCH_UNIVERSE","high","documents_indexed","2026-07-05","2026-07-05","source_sec_spgi_2025_10k","source_sec_spgi_2026_10q","company+official_sources+local_documents+rag_chunks+chroma_index","core_product_exposure_only","extract supply/customer/product/application relationships as candidate; review before verification","Use official SEC sources; keep extracted relationships candidate until reviewed. Official SEC documents downloaded, parsed, and fully indexed in Chroma on 2026-07-05."
"US_GE","GE","NYSE","GE Aerospace","US_LARGE_CAP_RESEARCH_UNIVERSE","high","documents_indexed","2026-07-05","2026-07-05","source_sec_ge_2025_10k","source_sec_ge_2026_10q","company+official_sources+local_documents+rag_chunks+chroma_index","core_product_exposure_only","extract supply/customer/product/application relationships as candidate; review before verification","Use official SEC sources; keep extracted relationships candidate until reviewed. Official SEC documents downloaded, parsed, and fully indexed in Chroma on 2026-07-05."
"US_CAT","CAT","NYSE","Caterpillar","US_LARGE_CAP_RESEARCH_UNIVERSE","high","documents_indexed","2026-07-05","2026-07-05","source_sec_cat_2025_10k","source_sec_cat_2026_10q","company+official_sources+local_documents+rag_chunks+chroma_index","core_product_exposure_only","extract supply/customer/product/application relationships as candidate; review before verification","Use official SEC sources; keep extracted relationships candidate until reviewed. Official SEC documents downloaded, parsed, and fully indexed in Chroma on 2026-07-05."
"US_RTX","RTX","NYSE","RTX","US_LARGE_CAP_RESEARCH_UNIVERSE","high","documents_indexed","2026-07-05","2026-07-05","source_sec_rtx_2025_10k","source_sec_rtx_2026_10q","company+official_sources+local_documents+rag_chunks+chroma_index","core_product_exposure_only","extract supply/customer/product/application relationships as candidate; review before verification","Use official SEC sources; keep extracted relationships candidate until reviewed. Official SEC documents downloaded, parsed, and fully indexed in Chroma on 2026-07-05."
"US_HON","HON","NASDAQ","Honeywell","US_LARGE_CAP_RESEARCH_UNIVERSE","high","documents_indexed","2026-07-05","2026-07-05","source_sec_hon_2025_10k","source_sec_hon_2026_10q","company+official_sources+local_documents+rag_chunks+chroma_index","core_product_exposure_only","extract supply/customer/product/application relationships as candidate; review before verification","Use official SEC sources; keep extracted relationships candidate until reviewed. Official SEC documents downloaded, parsed, and fully indexed in Chroma on 2026-07-05."
"US_DE","DE","NYSE","Deere","US_LARGE_CAP_RESEARCH_UNIVERSE","high","documents_indexed","2026-07-05","2026-07-05","source_sec_de_2025_10k","source_sec_de_2026_10q","company+official_sources+local_documents+rag_chunks+chroma_index","core_product_exposure_only","extract supply/customer/product/application relationships as candidate; review before verification","Use official SEC sources; keep extracted relationships candidate until reviewed. Official SEC documents downloaded, parsed, and fully indexed in Chroma on 2026-07-05."
"US_UPS","UPS","NYSE","UPS","US_LARGE_CAP_RESEARCH_UNIVERSE","high","documents_indexed","2026-07-05","2026-07-05","source_sec_ups_2025_10k","source_sec_ups_2026_10q","company+official_sources+local_documents+rag_chunks+chroma_index","core_product_exposure_only","extract supply/customer/product/application relationships as candidate; review before verification","Use official SEC sources; keep extracted relationships candidate until reviewed. Official SEC documents downloaded, parsed, and fully indexed in Chroma on 2026-07-05."
"US_UNP","UNP","NYSE","Union Pacific","US_LARGE_CAP_RESEARCH_UNIVERSE","high","documents_indexed","2026-07-05","2026-07-05","source_sec_unp_2025_10k","source_sec_unp_2026_10q","company+official_sources+local_documents+rag_chunks+chroma_index","core_product_exposure_only","extract supply/customer/product/application relationships as candidate; review before verification","Use official SEC sources; keep extracted relationships candidate until reviewed. Official SEC documents downloaded, parsed, and fully indexed in Chroma on 2026-07-05."
"US_KLAC","KLAC","NASDAQ","KLA","US_LARGE_CAP_RESEARCH_UNIVERSE","high","documents_indexed","2026-07-05","2026-07-05","source_sec_klac_2025_10k","source_sec_klac_2026_10q","company+official_sources+local_documents+rag_chunks+chroma_index","core_product_exposure_only","extract supply/customer/product/application relationships as candidate; review before verification","Use official SEC sources; keep extracted relationships candidate until reviewed. Official SEC documents downloaded, parsed, and fully indexed in Chroma on 2026-07-05."
"US_ADI","ADI","NASDAQ","Analog Devices","US_LARGE_CAP_RESEARCH_UNIVERSE","high","documents_indexed","2026-07-05","2026-07-05","source_sec_adi_2025_10k","source_sec_adi_2026_10q","company+official_sources+local_documents+rag_chunks+chroma_index","core_product_exposure_only","extract supply/customer/product/application relationships as candidate; review before verification","Use official SEC sources; keep extracted relationships candidate until reviewed. Official SEC documents downloaded, parsed, and fully indexed in Chroma on 2026-07-05."
"US_MRVL","MRVL","NASDAQ","Marvell Technology","US_LARGE_CAP_RESEARCH_UNIVERSE","high","documents_indexed","2026-07-05","2026-07-05","source_sec_mrvl_2026_10k","source_sec_mrvl_2026_10q","company+official_sources+local_documents+rag_chunks+chroma_index","core_product_exposure_only","extract supply/customer/product/application relationships as candidate; review before verification","Use official SEC sources; keep extracted relationships candidate until reviewed. Official SEC documents downloaded, parsed, and fully indexed in Chroma on 2026-07-05."
"US_MCHP","MCHP","NASDAQ","Microchip Technology","US_LARGE_CAP_RESEARCH_UNIVERSE","high","documents_indexed","2026-07-05","2026-07-05","source_sec_mchp_2026_10k","source_sec_mchp_2025_10q","company+official_sources+local_documents+rag_chunks+chroma_index","core_product_exposure_only","extract supply/customer/product/application relationships as candidate; review before verification","Use official SEC sources; keep extracted relationships candidate until reviewed. Official SEC documents downloaded, parsed, and fully indexed in Chroma on 2026-07-05."
"US_PLTR","PLTR","NASDAQ","Palantir","US_LARGE_CAP_RESEARCH_UNIVERSE","high","documents_indexed","2026-07-05","2026-07-05","source_sec_pltr_2025_10k","source_sec_pltr_2026_10q","company+official_sources+local_documents+rag_chunks+chroma_index","core_product_exposure_only","extract supply/customer/product/application relationships as candidate; review before verification","Use official SEC sources; keep extracted relationships candidate until reviewed. Official SEC documents downloaded, parsed, and fully indexed in Chroma on 2026-07-05."
"US_SNOW","SNOW","NYSE","Snowflake","US_LARGE_CAP_RESEARCH_UNIVERSE","high","documents_indexed","2026-07-05","2026-07-05","source_sec_snow_2026_10k","source_sec_snow_2026_10q","company+official_sources+local_documents+rag_chunks+chroma_index","core_product_exposure_only","extract supply/customer/product/application relationships as candidate; review before verification","Use official SEC sources; keep extracted relationships candidate until reviewed. Official SEC documents downloaded, parsed, and fully indexed in Chroma on 2026-07-05."
"US_NVDA","NVDA","NASDAQ","NVIDIA","US_LARGE_CAP_RESEARCH_UNIVERSE","high","documents_indexed","2026-07-05","2026-07-05","source_sec_nvda_2026_10k","source_sec_nvda_2026_10q","company+official_sources+local_documents+rag_chunks+chroma_index","core_product_exposure_only","extract supply/customer/product/application relationships as candidate; review before verification","Use official SEC sources; keep extracted relationships candidate until reviewed. Official SEC documents downloaded, parsed, and fully indexed in Chroma on 2026-07-05."
"US_AMD","AMD","NASDAQ","AMD","US_LARGE_CAP_RESEARCH_UNIVERSE","high","candidate_relationships_loaded","2026-07-05","2026-07-05","source_sec_amd_2025_10k","source_sec_amd_2026_10q","company+official_sources+local_documents+rag_chunks+chroma_index","core_product_exposure+rag_candidate_relationships_round1","review loaded candidate relationships in Neo4j before verification; expand unresolved entity coverage before next extraction round","Use official SEC sources; keep extracted relationships candidate until reviewed. Official SEC documents downloaded, parsed, and fully indexed in Chroma on 2026-07-05. RAG round1 loaded 1 reviewed llm_extraction candidate relationship(s) from ingestion/rag/extracted/us_round1_candidates_reviewed.jsonl on 2026-07-05."
"US_AAPL","AAPL","NASDAQ","Apple","US_LARGE_CAP_RESEARCH_UNIVERSE","high","documents_indexed","2026-07-05","2026-07-05","source_sec_aapl_2025_10k","source_sec_aapl_2026_10q","company+official_sources+local_documents+rag_chunks+chroma_index","core_product_exposure_only","extract supply/customer/product/application relationships as candidate; review before verification","Use official SEC sources; keep extracted relationships candidate until reviewed. Official SEC documents downloaded, parsed, and fully indexed in Chroma on 2026-07-05."
"US_MU","MU","NASDAQ","Micron","US_LARGE_CAP_RESEARCH_UNIVERSE","high","documents_indexed","2026-07-05","2026-07-05","source_sec_mu_2025_10k","source_sec_mu_2026_10q","company+official_sources+local_documents+rag_chunks+chroma_index","core_product_exposure_only","extract supply/customer/product/application relationships as candidate; review before verification","Use official SEC sources; keep extracted relationships candidate until reviewed. Official SEC documents downloaded, parsed, and fully indexed in Chroma on 2026-07-05."
"US_NKE","NKE","NYSE","Nike","US_LARGE_CAP_RESEARCH_UNIVERSE","high","documents_indexed","2026-07-05","2026-07-05","source_sec_nke_2025_10k","source_sec_nke_2026_10q","company+official_sources+local_documents+rag_chunks+chroma_index","core_product_exposure_only","extract supply/customer/product/application relationships as candidate; review before verification","Use official SEC sources; keep extracted relationships candidate until reviewed. Official SEC documents downloaded, parsed, and fully indexed in Chroma on 2026-07-05."
"US_BA","BA","NYSE","Boeing","US_LARGE_CAP_RESEARCH_UNIVERSE","high","documents_indexed","2026-07-05","2026-07-05","source_sec_ba_2025_10k","source_sec_ba_2026_10q","company+official_sources+local_documents+rag_chunks+chroma_index","core_product_exposure_only","extract supply/customer/product/application relationships as candidate; review before verification","Use official SEC sources; keep extracted relationships candidate until reviewed. Official SEC documents downloaded, parsed, and fully indexed in Chroma on 2026-07-05."
"TWSE_2330","2330","TWSE","台積電","TW_MARKET_CAP_TOP100","high","official_source_index_registered","2026-07-05","2026-07-05","source_mops_twse_2330_annual_report_index","source_mops_twse_2330_financial_report_index","company_seed+mops_source_index; some manual_seed relationships","varies_by_company","fetch latest annual report and financial report from MOPS/company IR, then extract candidate relationships","Rank 1 in existing TW top100 universe. Refresh universe source against TWSE/Taiwan Index provider before major updates."
"TWSE_2317","2317","TWSE","鴻海","TW_MARKET_CAP_TOP100","high","official_source_index_registered","2026-07-05","2026-07-05","source_mops_twse_2317_annual_report_index","source_mops_twse_2317_financial_report_index","company_seed+mops_source_index; some manual_seed relationships","varies_by_company","fetch latest annual report and financial report from MOPS/company IR, then extract candidate relationships","Rank 2 in existing TW top100 universe. Refresh universe source against TWSE/Taiwan Index provider before major updates."
"TWSE_2454","2454","TWSE","聯發科","TW_MARKET_CAP_TOP100","high","official_source_index_registered","2026-07-05","2026-07-05","source_mops_twse_2454_annual_report_index","source_mops_twse_2454_financial_report_index","company_seed+mops_source_index; some manual_seed relationships","varies_by_company","fetch latest annual report and financial report from MOPS/company IR, then extract candidate relationships","Rank 3 in existing TW top100 universe. Refresh universe source against TWSE/Taiwan Index provider before major updates."
"TWSE_2308","2308","TWSE","台達電","TW_MARKET_CAP_TOP100","high","official_source_index_registered","2026-07-05","2026-07-05","source_mops_twse_2308_annual_report_index","source_mops_twse_2308_financial_report_index","company_seed+mops_source_index; some manual_seed relationships","varies_by_company","fetch latest annual report and financial report from MOPS/company IR, then extract candidate relationships","Rank 4 in existing TW top100 universe. Refresh universe source against TWSE/Taiwan Index provider before major updates."
"TWSE_2382","2382","TWSE","廣達","TW_MARKET_CAP_TOP100","high","official_source_index_registered","2026-07-05","2026-07-05","source_mops_twse_2382_annual_report_index","source_mops_twse_2382_financial_report_index","company_seed+mops_source_index; some manual_seed relationships","varies_by_company","fetch latest annual report and financial report from MOPS/company IR, then extract candidate relationships","Rank 5 in existing TW top100 universe. Refresh universe source against TWSE/Taiwan Index provider before major updates."
"TWSE_2881","2881","TWSE","富邦金","TW_MARKET_CAP_TOP100","high","official_source_index_registered","2026-07-05","2026-07-05","source_mops_twse_2881_annual_report_index","source_mops_twse_2881_financial_report_index","company_seed+mops_source_index; some manual_seed relationships","varies_by_company","fetch latest annual report and financial report from MOPS/company IR, then extract candidate relationships","Rank 6 in existing TW top100 universe. Refresh universe source against TWSE/Taiwan Index provider before major updates."
"TWSE_2882","2882","TWSE","國泰金","TW_MARKET_CAP_TOP100","high","official_source_index_registered","2026-07-05","2026-07-05","source_mops_twse_2882_annual_report_index","source_mops_twse_2882_financial_report_index","company_seed+mops_source_index; some manual_seed relationships","varies_by_company","fetch latest annual report and financial report from MOPS/company IR, then extract candidate relationships","Rank 7 in existing TW top100 universe. Refresh universe source against TWSE/Taiwan Index provider before major updates."
"TWSE_2412","2412","TWSE","中華電","TW_MARKET_CAP_TOP100","high","official_source_index_registered","2026-07-05","2026-07-05","source_mops_twse_2412_annual_report_index","source_mops_twse_2412_financial_report_index","company_seed+mops_source_index; some manual_seed relationships","varies_by_company","fetch latest annual report and financial report from MOPS/company IR, then extract candidate relationships","Rank 8 in existing TW top100 universe. Refresh universe source against TWSE/Taiwan Index provider before major updates."
"TWSE_3711","3711","TWSE","日月光投控","TW_MARKET_CAP_TOP100","high","official_source_index_registered","2026-07-05","2026-07-05","source_mops_twse_3711_annual_report_index","source_mops_twse_3711_financial_report_index","company_seed+mops_source_index; some manual_seed relationships","varies_by_company","fetch latest annual report and financial report from MOPS/company IR, then extract candidate relationships","Rank 9 in existing TW top100 universe. Refresh universe source against TWSE/Taiwan Index provider before major updates."
"TWSE_2891","2891","TWSE","中信金","TW_MARKET_CAP_TOP100","high","official_source_index_registered","2026-07-05","2026-07-05","source_mops_twse_2891_annual_report_index","source_mops_twse_2891_financial_report_index","company_seed+mops_source_index; some manual_seed relationships","varies_by_company","fetch latest annual report and financial report from MOPS/company IR, then extract candidate relationships","Rank 10 in existing TW top100 universe. Refresh universe source against TWSE/Taiwan Index provider before major updates."
"TWSE_2303","2303","TWSE","聯電","TW_MARKET_CAP_TOP100","high","official_source_index_registered","2026-07-05","2026-07-05","source_mops_twse_2303_annual_report_index","source_mops_twse_2303_financial_report_index","company_seed+mops_source_index; some manual_seed relationships","varies_by_company","fetch latest annual report and financial report from MOPS/company IR, then extract candidate relationships","Rank 11 in existing TW top100 universe. Refresh universe source against TWSE/Taiwan Index provider before major updates."
"TWSE_2886","2886","TWSE","兆豐金","TW_MARKET_CAP_TOP100","high","official_source_index_registered","2026-07-05","2026-07-05","source_mops_twse_2886_annual_report_index","source_mops_twse_2886_financial_report_index","company_seed+mops_source_index; some manual_seed relationships","varies_by_company","fetch latest annual report and financial report from MOPS/company IR, then extract candidate relationships","Rank 12 in existing TW top100 universe. Refresh universe source against TWSE/Taiwan Index provider before major updates."
"TWSE_6505","6505","TWSE","台塑化","TW_MARKET_CAP_TOP100","high","official_source_index_registered","2026-07-05","2026-07-05","source_mops_twse_6505_annual_report_index","source_mops_twse_6505_financial_report_index","company_seed+mops_source_index; some manual_seed relationships","varies_by_company","fetch latest annual report and financial report from MOPS/company IR, then extract candidate relationships","Rank 13 in existing TW top100 universe. Refresh universe source against TWSE/Taiwan Index provider before major updates."
"TWSE_2357","2357","TWSE","華碩","TW_MARKET_CAP_TOP100","high","official_source_index_registered","2026-07-05","2026-07-05","source_mops_twse_2357_annual_report_index","source_mops_twse_2357_financial_report_index","company_seed+mops_source_index; some manual_seed relationships","varies_by_company","fetch latest annual report and financial report from MOPS/company IR, then extract candidate relationships","Rank 14 in existing TW top100 universe. Refresh universe source against TWSE/Taiwan Index provider before major updates."
"TWSE_2884","2884","TWSE","玉山金","TW_MARKET_CAP_TOP100","high","official_source_index_registered","2026-07-05","2026-07-05","source_mops_twse_2884_annual_report_index","source_mops_twse_2884_financial_report_index","company_seed+mops_source_index; some manual_seed relationships","varies_by_company","fetch latest annual report and financial report from MOPS/company IR, then extract candidate relationships","Rank 15 in existing TW top100 universe. Refresh universe source against TWSE/Taiwan Index provider before major updates."
"TWSE_2885","2885","TWSE","元大金","TW_MARKET_CAP_TOP100","high","official_source_index_registered","2026-07-05","2026-07-05","source_mops_twse_2885_annual_report_index","source_mops_twse_2885_financial_report_index","company_seed+mops_source_index; some manual_seed relationships","varies_by_company","fetch latest annual report and financial report from MOPS/company IR, then extract candidate relationships","Rank 16 in existing TW top100 universe. Refresh universe source against TWSE/Taiwan Index provider before major updates."
"TWSE_6669","6669","TWSE","緯穎","TW_MARKET_CAP_TOP100","high","official_source_index_registered","2026-07-05","2026-07-05","source_mops_twse_6669_annual_report_index","source_mops_twse_6669_financial_report_index","company_seed+mops_source_index; some manual_seed relationships","varies_by_company","fetch latest annual report and financial report from MOPS/company IR, then extract candidate relationships","Rank 17 in existing TW top100 universe. Refresh universe source against TWSE/Taiwan Index provider before major updates."
"TWSE_1216","1216","TWSE","統一","TW_MARKET_CAP_TOP100","high","official_source_index_registered","2026-07-05","2026-07-05","source_mops_twse_1216_annual_report_index","source_mops_twse_1216_financial_report_index","company_seed+mops_source_index; some manual_seed relationships","varies_by_company","fetch latest annual report and financial report from MOPS/company IR, then extract candidate relationships","Rank 18 in existing TW top100 universe. Refresh universe source against TWSE/Taiwan Index provider before major updates."
"TWSE_2603","2603","TWSE","長榮","TW_MARKET_CAP_TOP100","high","official_source_index_registered","2026-07-05","2026-07-05","source_mops_twse_2603_annual_report_index","source_mops_twse_2603_financial_report_index","company_seed+mops_source_index; some manual_seed relationships","varies_by_company","fetch latest annual report and financial report from MOPS/company IR, then extract candidate relationships","Rank 19 in existing TW top100 universe. Refresh universe source against TWSE/Taiwan Index provider before major updates."
"TWSE_3231","3231","TWSE","緯創","TW_MARKET_CAP_TOP100","high","official_source_index_registered","2026-07-05","2026-07-05","source_mops_twse_3231_annual_report_index","source_mops_twse_3231_financial_report_index","company_seed+mops_source_index; some manual_seed relationships","varies_by_company","fetch latest annual report and financial report from MOPS/company IR, then extract candidate relationships","Rank 20 in existing TW top100 universe. Refresh universe source against TWSE/Taiwan Index provider before major updates."
"TWSE_5871","5871","TWSE","中租-KY","TW_MARKET_CAP_TOP100","high","official_source_index_registered","2026-07-05","2026-07-05","source_mops_twse_5871_annual_report_index","source_mops_twse_5871_financial_report_index","company_seed+mops_source_index; some manual_seed relationships","varies_by_company","fetch latest annual report and financial report from MOPS/company IR, then extract candidate relationships","Rank 21 in existing TW top100 universe. Refresh universe source against TWSE/Taiwan Index provider before major updates."
"TWSE_2892","2892","TWSE","第一金","TW_MARKET_CAP_TOP100","high","official_source_index_registered","2026-07-05","2026-07-05","source_mops_twse_2892_annual_report_index","source_mops_twse_2892_financial_report_index","company_seed+mops_source_index; some manual_seed relationships","varies_by_company","fetch latest annual report and financial report from MOPS/company IR, then extract candidate relationships","Rank 22 in existing TW top100 universe. Refresh universe source against TWSE/Taiwan Index provider before major updates."
"TWSE_2345","2345","TWSE","智邦","TW_MARKET_CAP_TOP100","high","official_source_index_registered","2026-07-05","2026-07-05","source_mops_twse_2345_annual_report_index","source_mops_twse_2345_financial_report_index","company_seed+mops_source_index; some manual_seed relationships","varies_by_company","fetch latest annual report and financial report from MOPS/company IR, then extract candidate relationships","Rank 23 in existing TW top100 universe. Refresh universe source against TWSE/Taiwan Index provider before major updates."
"TWSE_3045","3045","TWSE","台灣大","TW_MARKET_CAP_TOP100","high","official_source_index_registered","2026-07-05","2026-07-05","source_mops_twse_3045_annual_report_index","source_mops_twse_3045_financial_report_index","company_seed+mops_source_index; some manual_seed relationships","varies_by_company","fetch latest annual report and financial report from MOPS/company IR, then extract candidate relationships","Rank 24 in existing TW top100 universe. Refresh universe source against TWSE/Taiwan Index provider before major updates."
"TWSE_5880","5880","TWSE","合庫金","TW_MARKET_CAP_TOP100","high","official_source_index_registered","2026-07-05","2026-07-05","source_mops_twse_5880_annual_report_index","source_mops_twse_5880_financial_report_index","company_seed+mops_source_index; some manual_seed relationships","varies_by_company","fetch latest annual report and financial report from MOPS/company IR, then extract candidate relationships","Rank 25 in existing TW top100 universe. Refresh universe source against TWSE/Taiwan Index provider before major updates."
"TWSE_2880","2880","TWSE","華南金","TW_MARKET_CAP_TOP100","high","official_source_index_registered","2026-07-05","2026-07-05","source_mops_twse_2880_annual_report_index","source_mops_twse_2880_financial_report_index","company_seed+mops_source_index; some manual_seed relationships","varies_by_company","fetch latest annual report and financial report from MOPS/company IR, then extract candidate relationships","Rank 26 in existing TW top100 universe. Refresh universe source against TWSE/Taiwan Index provider before major updates."
"TWSE_2002","2002","TWSE","中鋼","TW_MARKET_CAP_TOP100","high","official_source_index_registered","2026-07-05","2026-07-05","source_mops_twse_2002_annual_report_index","source_mops_twse_2002_financial_report_index","company_seed+mops_source_index; some manual_seed relationships","varies_by_company","fetch latest annual report and financial report from MOPS/company IR, then extract candidate relationships","Rank 27 in existing TW top100 universe. Refresh universe source against TWSE/Taiwan Index provider before major updates."
"TWSE_2207","2207","TWSE","和泰車","TW_MARKET_CAP_TOP100","high","official_source_index_registered","2026-07-05","2026-07-05","source_mops_twse_2207_annual_report_index","source_mops_twse_2207_financial_report_index","company_seed+mops_source_index; some manual_seed relationships","varies_by_company","fetch latest annual report and financial report from MOPS/company IR, then extract candidate relationships","Rank 28 in existing TW top100 universe. Refresh universe source against TWSE/Taiwan Index provider before major updates."
"TWSE_1301","1301","TWSE","台塑","TW_MARKET_CAP_TOP100","high","official_source_index_registered","2026-07-05","2026-07-05","source_mops_twse_1301_annual_report_index","source_mops_twse_1301_financial_report_index","company_seed+mops_source_index; some manual_seed relationships","varies_by_company","fetch latest annual report and financial report from MOPS/company IR, then extract candidate relationships","Rank 29 in existing TW top100 universe. Refresh universe source against TWSE/Taiwan Index provider before major updates."
"TWSE_1303","1303","TWSE","南亞","TW_MARKET_CAP_TOP100","high","official_source_index_registered","2026-07-05","2026-07-05","source_mops_twse_1303_annual_report_index","source_mops_twse_1303_financial_report_index","company_seed+mops_source_index; some manual_seed relationships","varies_by_company","fetch latest annual report and financial report from MOPS/company IR, then extract candidate relationships","Rank 30 in existing TW top100 universe. Refresh universe source against TWSE/Taiwan Index provider before major updates."
"TWSE_4904","4904","TWSE","遠傳","TW_MARKET_CAP_TOP100","medium","official_source_index_registered","2026-07-05","2026-07-05","source_mops_twse_4904_annual_report_index","source_mops_twse_4904_financial_report_index","company_seed+mops_source_index; some manual_seed relationships","varies_by_company","fetch latest annual report and financial report from MOPS/company IR, then extract candidate relationships","Rank 31 in existing TW top100 universe. Refresh universe source against TWSE/Taiwan Index provider before major updates."
"TWSE_3008","3008","TWSE","大立光","TW_MARKET_CAP_TOP100","medium","official_source_index_registered","2026-07-05","2026-07-05","source_mops_twse_3008_annual_report_index","source_mops_twse_3008_financial_report_index","company_seed+mops_source_index; some manual_seed relationships","varies_by_company","fetch latest annual report and financial report from MOPS/company IR, then extract candidate relationships","Rank 32 in existing TW top100 universe. Refresh universe source against TWSE/Taiwan Index provider before major updates."
"TWSE_2890","2890","TWSE","永豐金","TW_MARKET_CAP_TOP100","medium","official_source_index_registered","2026-07-05","2026-07-05","source_mops_twse_2890_annual_report_index","source_mops_twse_2890_financial_report_index","company_seed+mops_source_index; some manual_seed relationships","varies_by_company","fetch latest annual report and financial report from MOPS/company IR, then extract candidate relationships","Rank 33 in existing TW top100 universe. Refresh universe source against TWSE/Taiwan Index provider before major updates."
"TWSE_2887","2887","TWSE","台新金","TW_MARKET_CAP_TOP100","medium","official_source_index_registered","2026-07-05","2026-07-05","source_mops_twse_2887_annual_report_index","source_mops_twse_2887_financial_report_index","company_seed+mops_source_index; some manual_seed relationships","varies_by_company","fetch latest annual report and financial report from MOPS/company IR, then extract candidate relationships","Rank 34 in existing TW top100 universe. Refresh universe source against TWSE/Taiwan Index provider before major updates."
"TWSE_1326","1326","TWSE","台化","TW_MARKET_CAP_TOP100","medium","official_source_index_registered","2026-07-05","2026-07-05","source_mops_twse_1326_annual_report_index","source_mops_twse_1326_financial_report_index","company_seed+mops_source_index; some manual_seed relationships","varies_by_company","fetch latest annual report and financial report from MOPS/company IR, then extract candidate relationships","Rank 35 in existing TW top100 universe. Refresh universe source against TWSE/Taiwan Index provider before major updates."
"TWSE_3034","3034","TWSE","聯詠","TW_MARKET_CAP_TOP100","medium","official_source_index_registered","2026-07-05","2026-07-05","source_mops_twse_3034_annual_report_index","source_mops_twse_3034_financial_report_index","company_seed+mops_source_index; some manual_seed relationships","varies_by_company","fetch latest annual report and financial report from MOPS/company IR, then extract candidate relationships","Rank 36 in existing TW top100 universe. Refresh universe source against TWSE/Taiwan Index provider before major updates."
"TWSE_2883","2883","TWSE","凱基金","TW_MARKET_CAP_TOP100","medium","official_source_index_registered","2026-07-05","2026-07-05","source_mops_twse_2883_annual_report_index","source_mops_twse_2883_financial_report_index","company_seed+mops_source_index; some manual_seed relationships","varies_by_company","fetch latest annual report and financial report from MOPS/company IR, then extract candidate relationships","Rank 37 in existing TW top100 universe. Refresh universe source against TWSE/Taiwan Index provider before major updates."
"TWSE_3017","3017","TWSE","奇鋐","TW_MARKET_CAP_TOP100","medium","official_source_index_registered","2026-07-05","2026-07-05","source_mops_twse_3017_annual_report_index","source_mops_twse_3017_financial_report_index","company_seed+mops_source_index; some manual_seed relationships","varies_by_company","fetch latest annual report and financial report from MOPS/company IR, then extract candidate relationships","Rank 38 in existing TW top100 universe. Refresh universe source against TWSE/Taiwan Index provider before major updates."
"TWSE_2383","2383","TWSE","台光電","TW_MARKET_CAP_TOP100","medium","official_source_index_registered","2026-07-05","2026-07-05","source_mops_twse_2383_annual_report_index","source_mops_twse_2383_financial_report_index","company_seed+mops_source_index; some manual_seed relationships","varies_by_company","fetch latest annual report and financial report from MOPS/company IR, then extract candidate relationships","Rank 39 in existing TW top100 universe. Refresh universe source against TWSE/Taiwan Index provider before major updates."
"TWSE_2379","2379","TWSE","瑞昱","TW_MARKET_CAP_TOP100","medium","official_source_index_registered","2026-07-05","2026-07-05","source_mops_twse_2379_annual_report_index","source_mops_twse_2379_financial_report_index","company_seed+mops_source_index; some manual_seed relationships","varies_by_company","fetch latest annual report and financial report from MOPS/company IR, then extract candidate relationships","Rank 40 in existing TW top100 universe. Refresh universe source against TWSE/Taiwan Index provider before major updates."
"TWSE_3037","3037","TWSE","欣興","TW_MARKET_CAP_TOP100","medium","official_source_index_registered","2026-07-05","2026-07-05","source_mops_twse_3037_annual_report_index","source_mops_twse_3037_financial_report_index","company_seed+mops_source_index; some manual_seed relationships","varies_by_company","fetch latest annual report and financial report from MOPS/company IR, then extract candidate relationships","Rank 41 in existing TW top100 universe. Refresh universe source against TWSE/Taiwan Index provider before major updates."
"TWSE_4938","4938","TWSE","和碩","TW_MARKET_CAP_TOP100","medium","official_source_index_registered","2026-07-05","2026-07-05","source_mops_twse_4938_annual_report_index","source_mops_twse_4938_financial_report_index","company_seed+mops_source_index; some manual_seed relationships","varies_by_company","fetch latest annual report and financial report from MOPS/company IR, then extract candidate relationships","Rank 42 in existing TW top100 universe. Refresh universe source against TWSE/Taiwan Index provider before major updates."
"TWSE_2301","2301","TWSE","光寶科","TW_MARKET_CAP_TOP100","medium","official_source_index_registered","2026-07-05","2026-07-05","source_mops_twse_2301_annual_report_index","source_mops_twse_2301_financial_report_index","company_seed+mops_source_index; some manual_seed relationships","varies_by_company","fetch latest annual report and financial report from MOPS/company IR, then extract candidate relationships","Rank 43 in existing TW top100 universe. Refresh universe source against TWSE/Taiwan Index provider before major updates."
"TWSE_2609","2609","TWSE","陽明","TW_MARKET_CAP_TOP100","medium","official_source_index_registered","2026-07-05","2026-07-05","source_mops_twse_2609_annual_report_index","source_mops_twse_2609_financial_report_index","company_seed+mops_source_index; some manual_seed relationships","varies_by_company","fetch latest annual report and financial report from MOPS/company IR, then extract candidate relationships","Rank 44 in existing TW top100 universe. Refresh universe source against TWSE/Taiwan Index provider before major updates."
"TWSE_3661","3661","TWSE","世芯-KY","TW_MARKET_CAP_TOP100","medium","official_source_index_registered","2026-07-05","2026-07-05","source_mops_twse_3661_annual_report_index","source_mops_twse_3661_financial_report_index","company_seed+mops_source_index; some manual_seed relationships","varies_by_company","fetch latest annual report and financial report from MOPS/company IR, then extract candidate relationships","Rank 45 in existing TW top100 universe. Refresh universe source against TWSE/Taiwan Index provider before major updates."
"TWSE_2615","2615","TWSE","萬海","TW_MARKET_CAP_TOP100","medium","official_source_index_registered","2026-07-05","2026-07-05","source_mops_twse_2615_annual_report_index","source_mops_twse_2615_financial_report_index","company_seed+mops_source_index; some manual_seed relationships","varies_by_company","fetch latest annual report and financial report from MOPS/company IR, then extract candidate relationships","Rank 46 in existing TW top100 universe. Refresh universe source against TWSE/Taiwan Index provider before major updates."
"TWSE_1101","1101","TWSE","台泥","TW_MARKET_CAP_TOP100","medium","official_source_index_registered","2026-07-05","2026-07-05","source_mops_twse_1101_annual_report_index","source_mops_twse_1101_financial_report_index","company_seed+mops_source_index; some manual_seed relationships","varies_by_company","fetch latest annual report and financial report from MOPS/company IR, then extract candidate relationships","Rank 47 in existing TW top100 universe. Refresh universe source against TWSE/Taiwan Index provider before major updates."
"TWSE_2912","2912","TWSE","統一超","TW_MARKET_CAP_TOP100","medium","official_source_index_registered","2026-07-05","2026-07-05","source_mops_twse_2912_annual_report_index","source_mops_twse_2912_financial_report_index","company_seed+mops_source_index; some manual_seed relationships","varies_by_company","fetch latest annual report and financial report from MOPS/company IR, then extract candidate relationships","Rank 48 in existing TW top100 universe. Refresh universe source against TWSE/Taiwan Index provider before major updates."
"TWSE_2395","2395","TWSE","研華","TW_MARKET_CAP_TOP100","medium","official_source_index_registered","2026-07-05","2026-07-05","source_mops_twse_2395_annual_report_index","source_mops_twse_2395_financial_report_index","company_seed+mops_source_index; some manual_seed relationships","varies_by_company","fetch latest annual report and financial report from MOPS/company IR, then extract candidate relationships","Rank 49 in existing TW top100 universe. Refresh universe source against TWSE/Taiwan Index provider before major updates."
"TWSE_2327","2327","TWSE","國巨","TW_MARKET_CAP_TOP100","medium","official_source_index_registered","2026-07-05","2026-07-05","source_mops_twse_2327_annual_report_index","source_mops_twse_2327_financial_report_index","company_seed+mops_source_index; some manual_seed relationships","varies_by_company","fetch latest annual report and financial report from MOPS/company IR, then extract candidate relationships","Rank 50 in existing TW top100 universe. Refresh universe source against TWSE/Taiwan Index provider before major updates."
"TWSE_2618","2618","TWSE","長榮航","TW_MARKET_CAP_TOP100","medium","official_source_index_registered","2026-07-05","2026-07-05","source_mops_twse_2618_annual_report_index","source_mops_twse_2618_financial_report_index","company_seed+mops_source_index; some manual_seed relationships","varies_by_company","fetch latest annual report and financial report from MOPS/company IR, then extract candidate relationships","Rank 51 in existing TW top100 universe. Refresh universe source against TWSE/Taiwan Index provider before major updates."
"TWSE_1590","1590","TWSE","亞德客-KY","TW_MARKET_CAP_TOP100","medium","official_source_index_registered","2026-07-05","2026-07-05","source_mops_twse_1590_annual_report_index","source_mops_twse_1590_financial_report_index","company_seed+mops_source_index; some manual_seed relationships","varies_by_company","fetch latest annual report and financial report from MOPS/company IR, then extract candidate relationships","Rank 52 in existing TW top100 universe. Refresh universe source against TWSE/Taiwan Index provider before major updates."
"TWSE_2059","2059","TWSE","川湖","TW_MARKET_CAP_TOP100","medium","official_source_index_registered","2026-07-05","2026-07-05","source_mops_twse_2059_annual_report_index","source_mops_twse_2059_financial_report_index","company_seed+mops_source_index; some manual_seed relationships","varies_by_company","fetch latest annual report and financial report from MOPS/company IR, then extract candidate relationships","Rank 53 in existing TW top100 universe. Refresh universe source against TWSE/Taiwan Index provider before major updates."
"TWSE_2356","2356","TWSE","英業達","TW_MARKET_CAP_TOP100","medium","official_source_index_registered","2026-07-05","2026-07-05","source_mops_twse_2356_annual_report_index","source_mops_twse_2356_financial_report_index","company_seed+mops_source_index; some manual_seed relationships","varies_by_company","fetch latest annual report and financial report from MOPS/company IR, then extract candidate relationships","Rank 54 in existing TW top100 universe. Refresh universe source against TWSE/Taiwan Index provider before major updates."
"TWSE_2377","2377","TWSE","微星","TW_MARKET_CAP_TOP100","medium","official_source_index_registered","2026-07-05","2026-07-05","source_mops_twse_2377_annual_report_index","source_mops_twse_2377_financial_report_index","company_seed+mops_source_index; some manual_seed relationships","varies_by_company","fetch latest annual report and financial report from MOPS/company IR, then extract candidate relationships","Rank 55 in existing TW top100 universe. Refresh universe source against TWSE/Taiwan Index provider before major updates."
"TWSE_2376","2376","TWSE","技嘉","TW_MARKET_CAP_TOP100","medium","official_source_index_registered","2026-07-05","2026-07-05","source_mops_twse_2376_annual_report_index","source_mops_twse_2376_financial_report_index","company_seed+mops_source_index; some manual_seed relationships","varies_by_company","fetch latest annual report and financial report from MOPS/company IR, then extract candidate relationships","Rank 56 in existing TW top100 universe. Refresh universe source against TWSE/Taiwan Index provider before major updates."
"TWSE_1519","1519","TWSE","華城","TW_MARKET_CAP_TOP100","medium","official_source_index_registered","2026-07-05","2026-07-05","source_mops_twse_1519_annual_report_index","source_mops_twse_1519_financial_report_index","company_seed+mops_source_index; some manual_seed relationships","varies_by_company","fetch latest annual report and financial report from MOPS/company IR, then extract candidate relationships","Rank 57 in existing TW top100 universe. Refresh universe source against TWSE/Taiwan Index provider before major updates."
"TWSE_2449","2449","TWSE","京元電子","TW_MARKET_CAP_TOP100","medium","official_source_index_registered","2026-07-05","2026-07-05","source_mops_twse_2449_annual_report_index","source_mops_twse_2449_financial_report_index","company_seed+mops_source_index; some manual_seed relationships","varies_by_company","fetch latest annual report and financial report from MOPS/company IR, then extract candidate relationships","Rank 58 in existing TW top100 universe. Refresh universe source against TWSE/Taiwan Index provider before major updates."
"TWSE_6239","6239","TWSE","力成","TW_MARKET_CAP_TOP100","medium","official_source_index_registered","2026-07-05","2026-07-05","source_mops_twse_6239_annual_report_index","source_mops_twse_6239_financial_report_index","company_seed+mops_source_index; some manual_seed relationships","varies_by_company","fetch latest annual report and financial report from MOPS/company IR, then extract candidate relationships","Rank 59 in existing TW top100 universe. Refresh universe source against TWSE/Taiwan Index provider before major updates."
"TWSE_3443","3443","TWSE","創意","TW_MARKET_CAP_TOP100","medium","official_source_index_registered","2026-07-05","2026-07-05","source_mops_twse_3443_annual_report_index","source_mops_twse_3443_financial_report_index","company_seed+mops_source_index; some manual_seed relationships","varies_by_company","fetch latest annual report and financial report from MOPS/company IR, then extract candidate relationships","Rank 60 in existing TW top100 universe. Refresh universe source against TWSE/Taiwan Index provider before major updates."
"TPEX_8299","8299","TPEX","群聯","TW_MARKET_CAP_TOP100","medium","official_source_index_registered","2026-07-05","2026-07-05","source_mops_tpex_8299_annual_report_index","source_mops_tpex_8299_financial_report_index","company_seed+mops_source_index; some manual_seed relationships","varies_by_company","fetch latest annual report and financial report from MOPS/company IR, then extract candidate relationships","Rank 61 in existing TW top100 universe. Refresh universe source against TWSE/Taiwan Index provider before major updates."
"TWSE_5269","5269","TWSE","祥碩","TW_MARKET_CAP_TOP100","medium","official_source_index_registered","2026-07-05","2026-07-05","source_mops_twse_5269_annual_report_index","source_mops_twse_5269_financial_report_index","company_seed+mops_source_index; some manual_seed relationships","varies_by_company","fetch latest annual report and financial report from MOPS/company IR, then extract candidate relationships","Rank 62 in existing TW top100 universe. Refresh universe source against TWSE/Taiwan Index provider before major updates."
"TPEX_5274","5274","TPEX","信驊","TW_MARKET_CAP_TOP100","medium","official_source_index_registered","2026-07-05","2026-07-05","source_mops_tpex_5274_annual_report_index","source_mops_tpex_5274_financial_report_index","company_seed+mops_source_index; some manual_seed relationships","varies_by_company","fetch latest annual report and financial report from MOPS/company IR, then extract candidate relationships","Rank 63 in existing TW top100 universe. Refresh universe source against TWSE/Taiwan Index provider before major updates."
"TPEX_3529","3529","TPEX","力旺","TW_MARKET_CAP_TOP100","medium","official_source_index_registered","2026-07-05","2026-07-05","source_mops_tpex_3529_annual_report_index","source_mops_tpex_3529_financial_report_index","company_seed+mops_source_index; some manual_seed relationships","varies_by_company","fetch latest annual report and financial report from MOPS/company IR, then extract candidate relationships","Rank 64 in existing TW top100 universe. Refresh universe source against TWSE/Taiwan Index provider before major updates."
"TWSE_2610","2610","TWSE","華航","TW_MARKET_CAP_TOP100","medium","official_source_index_registered","2026-07-05","2026-07-05","source_mops_twse_2610_annual_report_index","source_mops_twse_2610_financial_report_index","company_seed+mops_source_index; some manual_seed relationships","varies_by_company","fetch latest annual report and financial report from MOPS/company IR, then extract candidate relationships","Rank 65 in existing TW top100 universe. Refresh universe source against TWSE/Taiwan Index provider before major updates."
"TWSE_1476","1476","TWSE","儒鴻","TW_MARKET_CAP_TOP100","medium","official_source_index_registered","2026-07-05","2026-07-05","source_mops_twse_1476_annual_report_index","source_mops_twse_1476_financial_report_index","company_seed+mops_source_index; some manual_seed relationships","varies_by_company","fetch latest annual report and financial report from MOPS/company IR, then extract candidate relationships","Rank 66 in existing TW top100 universe. Refresh universe source against TWSE/Taiwan Index provider before major updates."
"TWSE_9910","9910","TWSE","豐泰","TW_MARKET_CAP_TOP100","medium","official_source_index_registered","2026-07-05","2026-07-05","source_mops_twse_9910_annual_report_index","source_mops_twse_9910_financial_report_index","company_seed+mops_source_index; some manual_seed relationships","varies_by_company","fetch latest annual report and financial report from MOPS/company IR, then extract candidate relationships","Rank 67 in existing TW top100 universe. Refresh universe source against TWSE/Taiwan Index provider before major updates."
"TWSE_1513","1513","TWSE","中興電","TW_MARKET_CAP_TOP100","medium","official_source_index_registered","2026-07-05","2026-07-05","source_mops_twse_1513_annual_report_index","source_mops_twse_1513_financial_report_index","company_seed+mops_source_index; some manual_seed relationships","varies_by_company","fetch latest annual report and financial report from MOPS/company IR, then extract candidate relationships","Rank 68 in existing TW top100 universe. Refresh universe source against TWSE/Taiwan Index provider before major updates."
"TWSE_3533","3533","TWSE","嘉澤","TW_MARKET_CAP_TOP100","medium","official_source_index_registered","2026-07-05","2026-07-05","source_mops_twse_3533_annual_report_index","source_mops_twse_3533_financial_report_index","company_seed+mops_source_index; some manual_seed relationships","varies_by_company","fetch latest annual report and financial report from MOPS/company IR, then extract candidate relationships","Rank 69 in existing TW top100 universe. Refresh universe source against TWSE/Taiwan Index provider before major updates."
"TWSE_3653","3653","TWSE","健策","TW_MARKET_CAP_TOP100","medium","official_source_index_registered","2026-07-05","2026-07-05","source_mops_twse_3653_annual_report_index","source_mops_twse_3653_financial_report_index","company_seed+mops_source_index; some manual_seed relationships","varies_by_company","fetch latest annual report and financial report from MOPS/company IR, then extract candidate relationships","Rank 70 in existing TW top100 universe. Refresh universe source against TWSE/Taiwan Index provider before major updates."
"TWSE_6415","6415","TWSE","矽力-KY","TW_MARKET_CAP_TOP100","medium","official_source_index_registered","2026-07-05","2026-07-05","source_mops_twse_6415_annual_report_index","source_mops_twse_6415_financial_report_index","company_seed+mops_source_index; some manual_seed relationships","varies_by_company","fetch latest annual report and financial report from MOPS/company IR, then extract candidate relationships","Rank 71 in existing TW top100 universe. Refresh universe source against TWSE/Taiwan Index provider before major updates."
"TWSE_8046","8046","TWSE","南電","TW_MARKET_CAP_TOP100","medium","official_source_index_registered","2026-07-05","2026-07-05","source_mops_twse_8046_annual_report_index","source_mops_twse_8046_financial_report_index","company_seed+mops_source_index; some manual_seed relationships","varies_by_company","fetch latest annual report and financial report from MOPS/company IR, then extract candidate relationships","Rank 72 in existing TW top100 universe. Refresh universe source against TWSE/Taiwan Index provider before major updates."
"TWSE_3324","3324","TWSE","雙鴻","TW_MARKET_CAP_TOP100","medium","official_source_index_registered","2026-07-05","2026-07-05","source_mops_twse_3324_annual_report_index","source_mops_twse_3324_financial_report_index","company_seed+mops_source_index; some manual_seed relationships","varies_by_company","fetch latest annual report and financial report from MOPS/company IR, then extract candidate relationships","Rank 73 in existing TW top100 universe. Refresh universe source against TWSE/Taiwan Index provider before major updates."
"TWSE_2368","2368","TWSE","金像電","TW_MARKET_CAP_TOP100","medium","official_source_index_registered","2026-07-05","2026-07-05","source_mops_twse_2368_annual_report_index","source_mops_twse_2368_financial_report_index","company_seed+mops_source_index; some manual_seed relationships","varies_by_company","fetch latest annual report and financial report from MOPS/company IR, then extract candidate relationships","Rank 74 in existing TW top100 universe. Refresh universe source against TWSE/Taiwan Index provider before major updates."
"TWSE_3044","3044","TWSE","健鼎","TW_MARKET_CAP_TOP100","medium","official_source_index_registered","2026-07-05","2026-07-05","source_mops_twse_3044_annual_report_index","source_mops_twse_3044_financial_report_index","company_seed+mops_source_index; some manual_seed relationships","varies_by_company","fetch latest annual report and financial report from MOPS/company IR, then extract candidate relationships","Rank 75 in existing TW top100 universe. Refresh universe source against TWSE/Taiwan Index provider before major updates."
"TWSE_3665","3665","TWSE","貿聯-KY","TW_MARKET_CAP_TOP100","medium","official_source_index_registered","2026-07-05","2026-07-05","source_mops_twse_3665_annual_report_index","source_mops_twse_3665_financial_report_index","company_seed+mops_source_index; some manual_seed relationships","varies_by_company","fetch latest annual report and financial report from MOPS/company IR, then extract candidate relationships","Rank 76 in existing TW top100 universe. Refresh universe source against TWSE/Taiwan Index provider before major updates."
"TWSE_3023","3023","TWSE","信邦","TW_MARKET_CAP_TOP100","medium","official_source_index_registered","2026-07-05","2026-07-05","source_mops_twse_3023_annual_report_index","source_mops_twse_3023_financial_report_index","company_seed+mops_source_index; some manual_seed relationships","varies_by_company","fetch latest annual report and financial report from MOPS/company IR, then extract candidate relationships","Rank 77 in existing TW top100 universe. Refresh universe source against TWSE/Taiwan Index provider before major updates."
"TWSE_9921","9921","TWSE","巨大","TW_MARKET_CAP_TOP100","medium","official_source_index_registered","2026-07-05","2026-07-05","source_mops_twse_9921_annual_report_index","source_mops_twse_9921_financial_report_index","company_seed+mops_source_index; some manual_seed relationships","varies_by_company","fetch latest annual report and financial report from MOPS/company IR, then extract candidate relationships","Rank 78 in existing TW top100 universe. Refresh universe source against TWSE/Taiwan Index provider before major updates."
"TWSE_2344","2344","TWSE","華邦電","TW_MARKET_CAP_TOP100","medium","official_source_index_registered","2026-07-05","2026-07-05","source_mops_twse_2344_annual_report_index","source_mops_twse_2344_financial_report_index","company_seed+mops_source_index; some manual_seed relationships","varies_by_company","fetch latest annual report and financial report from MOPS/company IR, then extract candidate relationships","Rank 79 in existing TW top100 universe. Refresh universe source against TWSE/Taiwan Index provider before major updates."
"TWSE_2408","2408","TWSE","南亞科","TW_MARKET_CAP_TOP100","medium","official_source_index_registered","2026-07-05","2026-07-05","source_mops_twse_2408_annual_report_index","source_mops_twse_2408_financial_report_index","company_seed+mops_source_index; some manual_seed relationships","varies_by_company","fetch latest annual report and financial report from MOPS/company IR, then extract candidate relationships","Rank 80 in existing TW top100 universe. Refresh universe source against TWSE/Taiwan Index provider before major updates."
"TPEX_5347","5347","TPEX","世界先進","TW_MARKET_CAP_TOP100","medium","official_source_index_registered","2026-07-05","2026-07-05","source_mops_tpex_5347_annual_report_index","source_mops_tpex_5347_financial_report_index","company_seed+mops_source_index; some manual_seed relationships","varies_by_company","fetch latest annual report and financial report from MOPS/company IR, then extract candidate relationships","Rank 81 in existing TW top100 universe. Refresh universe source against TWSE/Taiwan Index provider before major updates."
"TWSE_6770","6770","TWSE","力積電","TW_MARKET_CAP_TOP100","medium","official_source_index_registered","2026-07-05","2026-07-05","source_mops_twse_6770_annual_report_index","source_mops_twse_6770_financial_report_index","company_seed+mops_source_index; some manual_seed relationships","varies_by_company","fetch latest annual report and financial report from MOPS/company IR, then extract candidate relationships","Rank 82 in existing TW top100 universe. Refresh universe source against TWSE/Taiwan Index provider before major updates."
"TWSE_2409","2409","TWSE","友達","TW_MARKET_CAP_TOP100","medium","official_source_index_registered","2026-07-05","2026-07-05","source_mops_twse_2409_annual_report_index","source_mops_twse_2409_financial_report_index","company_seed+mops_source_index; some manual_seed relationships","varies_by_company","fetch latest annual report and financial report from MOPS/company IR, then extract candidate relationships","Rank 83 in existing TW top100 universe. Refresh universe source against TWSE/Taiwan Index provider before major updates."
"TWSE_3481","3481","TWSE","群創","TW_MARKET_CAP_TOP100","medium","official_source_index_registered","2026-07-05","2026-07-05","source_mops_twse_3481_annual_report_index","source_mops_twse_3481_financial_report_index","company_seed+mops_source_index; some manual_seed relationships","varies_by_company","fetch latest annual report and financial report from MOPS/company IR, then extract candidate relationships","Rank 84 in existing TW top100 universe. Refresh universe source against TWSE/Taiwan Index provider before major updates."
"TWSE_3532","3532","TWSE","台勝科","TW_MARKET_CAP_TOP100","medium","official_source_index_registered","2026-07-05","2026-07-05","source_mops_twse_3532_annual_report_index","source_mops_twse_3532_financial_report_index","company_seed+mops_source_index; some manual_seed relationships","varies_by_company","fetch latest annual report and financial report from MOPS/company IR, then extract candidate relationships","Rank 85 in existing TW top100 universe. Refresh universe source against TWSE/Taiwan Index provider before major updates."
"TPEX_6274","6274","TPEX","台燿","TW_MARKET_CAP_TOP100","medium","official_source_index_registered","2026-07-05","2026-07-05","source_mops_tpex_6274_annual_report_index","source_mops_tpex_6274_financial_report_index","company_seed+mops_source_index; some manual_seed relationships","varies_by_company","fetch latest annual report and financial report from MOPS/company IR, then extract candidate relationships","Rank 86 in existing TW top100 universe. Refresh universe source against TWSE/Taiwan Index provider before major updates."
"TWSE_2105","2105","TWSE","正新","TW_MARKET_CAP_TOP100","medium","official_source_index_registered","2026-07-05","2026-07-05","source_mops_twse_2105_annual_report_index","source_mops_twse_2105_financial_report_index","company_seed+mops_source_index; some manual_seed relationships","varies_by_company","fetch latest annual report and financial report from MOPS/company IR, then extract candidate relationships","Rank 87 in existing TW top100 universe. Refresh universe source against TWSE/Taiwan Index provider before major updates."
"TWSE_2353","2353","TWSE","宏碁","TW_MARKET_CAP_TOP100","medium","official_source_index_registered","2026-07-05","2026-07-05","source_mops_twse_2353_annual_report_index","source_mops_twse_2353_financial_report_index","company_seed+mops_source_index; some manual_seed relationships","varies_by_company","fetch latest annual report and financial report from MOPS/company IR, then extract candidate relationships","Rank 88 in existing TW top100 universe. Refresh universe source against TWSE/Taiwan Index provider before major updates."
"TWSE_2324","2324","TWSE","仁寶","TW_MARKET_CAP_TOP100","medium","official_source_index_registered","2026-07-05","2026-07-05","source_mops_twse_2324_annual_report_index","source_mops_twse_2324_financial_report_index","company_seed+mops_source_index; some manual_seed relationships","varies_by_company","fetch latest annual report and financial report from MOPS/company IR, then extract candidate relationships","Rank 89 in existing TW top100 universe. Refresh universe source against TWSE/Taiwan Index provider before major updates."
"TWSE_1504","1504","TWSE","東元","TW_MARKET_CAP_TOP100","medium","official_source_index_registered","2026-07-05","2026-07-05","source_mops_twse_1504_annual_report_index","source_mops_twse_1504_financial_report_index","company_seed+mops_source_index; some manual_seed relationships","varies_by_company","fetch latest annual report and financial report from MOPS/company IR, then extract candidate relationships","Rank 90 in existing TW top100 universe. Refresh universe source against TWSE/Taiwan Index provider before major updates."
"TWSE_1605","1605","TWSE","華新","TW_MARKET_CAP_TOP100","medium","official_source_index_registered","2026-07-05","2026-07-05","source_mops_twse_1605_annual_report_index","source_mops_twse_1605_financial_report_index","company_seed+mops_source_index; some manual_seed relationships","varies_by_company","fetch latest annual report and financial report from MOPS/company IR, then extract candidate relationships","Rank 91 in existing TW top100 universe. Refresh universe source against TWSE/Taiwan Index provider before major updates."
"TWSE_2049","2049","TWSE","上銀","TW_MARKET_CAP_TOP100","medium","official_source_index_registered","2026-07-05","2026-07-05","source_mops_twse_2049_annual_report_index","source_mops_twse_2049_financial_report_index","company_seed+mops_source_index; some manual_seed relationships","varies_by_company","fetch latest annual report and financial report from MOPS/company IR, then extract candidate relationships","Rank 92 in existing TW top100 universe. Refresh universe source against TWSE/Taiwan Index provider before major updates."
"TWSE_1402","1402","TWSE","遠東新","TW_MARKET_CAP_TOP100","medium","official_source_index_registered","2026-07-05","2026-07-05","source_mops_twse_1402_annual_report_index","source_mops_twse_1402_financial_report_index","company_seed+mops_source_index; some manual_seed relationships","varies_by_company","fetch latest annual report and financial report from MOPS/company IR, then extract candidate relationships","Rank 93 in existing TW top100 universe. Refresh universe source against TWSE/Taiwan Index provider before major updates."
"TWSE_9904","9904","TWSE","寶成","TW_MARKET_CAP_TOP100","medium","official_source_index_registered","2026-07-05","2026-07-05","source_mops_twse_9904_annual_report_index","source_mops_twse_9904_financial_report_index","company_seed+mops_source_index; some manual_seed relationships","varies_by_company","fetch latest annual report and financial report from MOPS/company IR, then extract candidate relationships","Rank 94 in existing TW top100 universe. Refresh universe source against TWSE/Taiwan Index provider before major updates."
"TWSE_8454","8454","TWSE","富邦媒","TW_MARKET_CAP_TOP100","medium","official_source_index_registered","2026-07-05","2026-07-05","source_mops_twse_8454_annual_report_index","source_mops_twse_8454_financial_report_index","company_seed+mops_source_index; some manual_seed relationships","varies_by_company","fetch latest annual report and financial report from MOPS/company IR, then extract candidate relationships","Rank 95 in existing TW top100 universe. Refresh universe source against TWSE/Taiwan Index provider before major updates."
"TWSE_2354","2354","TWSE","鴻準","TW_MARKET_CAP_TOP100","medium","official_source_index_registered","2026-07-05","2026-07-05","source_mops_twse_2354_annual_report_index","source_mops_twse_2354_financial_report_index","company_seed+mops_source_index; some manual_seed relationships","varies_by_company","fetch latest annual report and financial report from MOPS/company IR, then extract candidate relationships","Rank 96 in existing TW top100 universe. Refresh universe source against TWSE/Taiwan Index provider before major updates."
"TWSE_2360","2360","TWSE","致茂","TW_MARKET_CAP_TOP100","medium","official_source_index_registered","2026-07-05","2026-07-05","source_mops_twse_2360_annual_report_index","source_mops_twse_2360_financial_report_index","company_seed+mops_source_index; some manual_seed relationships","varies_by_company","fetch latest annual report and financial report from MOPS/company IR, then extract candidate relationships","Rank 97 in existing TW top100 universe. Refresh universe source against TWSE/Taiwan Index provider before major updates."
"TWSE_2201","2201","TWSE","裕隆","TW_MARKET_CAP_TOP100","medium","official_source_index_registered","2026-07-05","2026-07-05","source_mops_twse_2201_annual_report_index","source_mops_twse_2201_financial_report_index","company_seed+mops_source_index; some manual_seed relationships","varies_by_company","fetch latest annual report and financial report from MOPS/company IR, then extract candidate relationships","Rank 98 in existing TW top100 universe. Refresh universe source against TWSE/Taiwan Index provider before major updates."
"TWSE_9914","9914","TWSE","美利達","TW_MARKET_CAP_TOP100","medium","official_source_index_registered","2026-07-05","2026-07-05","source_mops_twse_9914_annual_report_index","source_mops_twse_9914_financial_report_index","company_seed+mops_source_index; some manual_seed relationships","varies_by_company","fetch latest annual report and financial report from MOPS/company IR, then extract candidate relationships","Rank 99 in existing TW top100 universe. Refresh universe source against TWSE/Taiwan Index provider before major updates."
"TWSE_2634","2634","TWSE","漢翔","TW_MARKET_CAP_TOP100","medium","official_source_index_registered","2026-07-05","2026-07-05","source_mops_twse_2634_annual_report_index","source_mops_twse_2634_financial_report_index","company_seed+mops_source_index; some manual_seed relationships","varies_by_company","fetch latest annual report and financial report from MOPS/company IR, then extract candidate relationships","Rank 100 in existing TW top100 universe. Refresh universe source against TWSE/Taiwan Index provider before major updates."
"NL_ASML","ASML","Euronext","ASML","GLOBAL_SEEDED_COMPANY","medium","official_source_index_registered","2026-07-05","2026-07-05","source_asml_annual_reports","source_asml_financial_results","company_seed+official_source_index","varies_by_company","download/parse latest annual and quarterly reports, then extract candidate relationships","Official IR source index registered by enrichment workflow."
"KR_005930","005930","KRX","Samsung Electronics","GLOBAL_SEEDED_COMPANY","medium","official_source_index_registered","2026-07-05","2026-07-05","source_samsung_electronics_ir","source_samsung_electronics_financial_statements","company_seed+official_source_index","varies_by_company","download/parse latest annual and quarterly reports, then extract candidate relationships","Official IR source index registered by enrichment workflow."
"KR_000660","000660","KRX","SK Hynix","GLOBAL_SEEDED_COMPANY","medium","official_source_index_registered","2026-07-05","2026-07-05","source_skhynix_ir","source_skhynix_financial_statements","company_seed+official_source_index","varies_by_company","download/parse latest annual and quarterly reports, then extract candidate relationships","Official IR source index registered by enrichment workflow."
