file,source_id,company_id,period,type,url,title,language
official/source_asml_annual_reports.html,source_asml_annual_reports,NL_ASML,2026,annual_report,https://www.asml.com/investors/annual-report,ASML annual reports,en-US
official/source_asml_financial_results.html,source_asml_financial_results,NL_ASML,2026,financial_report,https://www.asml.com/investors/financial-results,ASML financial results,en-US
official/source_delta_2024_annual_report.html,source_delta_2024_annual_report,TWSE_2308,2024,annual_report,https://landing.deltaww.com/zh-TW/Investors/annual-Reports,Delta Electronics 2024 Annual Report,zh-TW
official/source_delta_2025_chairman_statement.html,source_delta_2025_chairman_statement,TWSE_2308,2025,company_website,https://www.deltaww.com/zh-TW/investors/chairman-statement,Delta Electronics 2025 Chairman Statement,zh-TW
official/source_delta_2025_force_gt_ai_datacenter.html,source_delta_2025_force_gt_ai_datacenter,TWSE_2308,2025,company_website,https://www.deltaww.com/zh-TW/press/39905,Delta Force-GT AI Data Center Power and Liquid Cooling Source,zh-TW
official/source_delta_2025_q3_financial_report.html,source_delta_2025_q3_financial_report,TWSE_2308,2025Q3,financial_report,https://landing.deltaww.com/zh-TW/Investors/financial-Reports,Delta Electronics 2025 Q3 Financial Report,zh-TW
official/source_delta_2025_q3_results_news.html,source_delta_2025_q3_results_news,TWSE_2308,2025Q3,company_website,https://landing.deltaww.com/en-us/news/39958,Delta Electronics Announces 2025-Q3 Financial Results,en-US
sample_ai_server_chain.txt,source_doc_sample_aiserver,TWSE_2382,2026,news,,AI 伺服器供應鏈報導（樣本文件）,zh-TW
sample_quanta_page.html,source_doc_sample_quanta,TWSE_2382,2026,company_website,,廣達公司簡介頁（樣本 HTML）,zh-TW
sample_tsmc_supply_chain.txt,source_doc_sample_tsmc,TWSE_2330,2026,company_website,,台積電供應鏈概況（樣本文件）,zh-TW
official/source_samsung_electronics_financial_statements.html,source_samsung_electronics_financial_statements,KR_005930,2026,financial_report,https://www.samsung.com/global/ir/financial-information/audited-financial-statements/,Samsung Electronics financial statements,en-US
official/source_samsung_electronics_ir.html,source_samsung_electronics_ir,KR_005930,2026,company_website,https://www.samsung.com/global/ir/,Samsung Electronics investor relations,en-US
official/source_sec_aapl_2025_10k.htm,source_sec_aapl_2025_10k,US_AAPL,2025,annual_report,https://www.sec.gov/Archives/edgar/data/320193/000032019325000079/aapl-20250927.htm,Apple Inc. latest SEC 10-K,en-US
official/source_sec_aapl_2026_10q.htm,source_sec_aapl_2026_10q,US_AAPL,2026,financial_report,https://www.sec.gov/Archives/edgar/data/320193/000032019326000013/aapl-20260328.htm,Apple Inc. latest SEC 10-Q,en-US
official/source_sec_aapl_submissions.json,source_sec_aapl_submissions,US_AAPL,2026,exchange_data,https://data.sec.gov/submissions/CIK0000320193.json,AAPL SEC submissions JSON,en-US
official/source_sec_abbv_2025_10k.htm,source_sec_abbv_2025_10k,US_ABBV,2025,annual_report,https://www.sec.gov/Archives/edgar/data/1551152/000155115226000008/abbv-20251231.htm,AbbVie Inc. latest SEC 10-K,en-US
official/source_sec_abbv_2026_10q.htm,source_sec_abbv_2026_10q,US_ABBV,2026,financial_report,https://www.sec.gov/Archives/edgar/data/1551152/000155115226000017/abbv-20260331.htm,AbbVie Inc. latest SEC 10-Q,en-US
official/source_sec_abbv_submissions.json,source_sec_abbv_submissions,US_ABBV,2026,exchange_data,https://data.sec.gov/submissions/CIK0001551152.json,ABBV SEC submissions JSON,en-US
official/source_sec_abt_2025_10k.htm,source_sec_abt_2025_10k,US_ABT,2025,annual_report,https://www.sec.gov/Archives/edgar/data/1800/000162828026010185/abt-20251231.htm,Abbott Laboratories latest SEC 10-K,en-US
official/source_sec_abt_2026_10q.htm,source_sec_abt_2026_10q,US_ABT,2026,financial_report,https://www.sec.gov/Archives/edgar/data/1800/000162828026028357/abt-20260331.htm,Abbott Laboratories latest SEC 10-Q,en-US
official/source_sec_abt_submissions.json,source_sec_abt_submissions,US_ABT,2026,exchange_data,https://data.sec.gov/submissions/CIK0000001800.json,ABT SEC submissions JSON,en-US
official/source_sec_adbe_2025_10k.htm,source_sec_adbe_2025_10k,US_ADBE,2025,annual_report,https://www.sec.gov/Archives/edgar/data/796343/000079634326000003/adbe-20251128.htm,Adobe Inc. latest SEC 10-K,en-US
official/source_sec_adbe_2026_10q.htm,source_sec_adbe_2026_10q,US_ADBE,2026,financial_report,https://www.sec.gov/Archives/edgar/data/796343/000079634326000112/adbe-20260529.htm,Adobe Inc. latest SEC 10-Q,en-US
official/source_sec_adbe_submissions.json,source_sec_adbe_submissions,US_ADBE,2026,exchange_data,https://data.sec.gov/submissions/CIK0000796343.json,ADBE SEC submissions JSON,en-US
official/source_sec_adi_2025_10k.htm,source_sec_adi_2025_10k,US_ADI,2025,annual_report,https://www.sec.gov/Archives/edgar/data/6281/000000628125000153/adi-20251101.htm,"Analog Devices, Inc. latest SEC 10-K",en-US
official/source_sec_adi_2026_10q.htm,source_sec_adi_2026_10q,US_ADI,2026,financial_report,https://www.sec.gov/Archives/edgar/data/6281/000000628126000052/adi-20260502.htm,"Analog Devices, Inc. latest SEC 10-Q",en-US
official/source_sec_adi_submissions.json,source_sec_adi_submissions,US_ADI,2026,exchange_data,https://data.sec.gov/submissions/CIK0000006281.json,ADI SEC submissions JSON,en-US
official/source_sec_amat_2025_10k.htm,source_sec_amat_2025_10k,US_AMAT,2025,annual_report,https://www.sec.gov/Archives/edgar/data/6951/000162828025056742/amat-20251026.htm,"Applied Materials, Inc. latest SEC 10-K",en-US
official/source_sec_amat_2026_10q.htm,source_sec_amat_2026_10q,US_AMAT,2026,financial_report,https://www.sec.gov/Archives/edgar/data/6951/000162828026037227/amat-20260426.htm,"Applied Materials, Inc. latest SEC 10-Q",en-US
official/source_sec_amat_submissions.json,source_sec_amat_submissions,US_AMAT,2026,exchange_data,https://data.sec.gov/submissions/CIK0000006951.json,AMAT SEC submissions JSON,en-US
official/source_sec_amd_2025_10k.htm,source_sec_amd_2025_10k,US_AMD,2025,annual_report,https://www.sec.gov/Archives/edgar/data/2488/000000248826000018/amd-20251227.htm,Advanced Micro Devices latest SEC 10-K,en-US
official/source_sec_amd_2026_10q.htm,source_sec_amd_2026_10q,US_AMD,2026,financial_report,https://www.sec.gov/Archives/edgar/data/2488/000000248826000076/amd-20260328.htm,Advanced Micro Devices latest SEC 10-Q,en-US
official/source_sec_amd_submissions.json,source_sec_amd_submissions,US_AMD,2026,exchange_data,https://data.sec.gov/submissions/CIK0000002488.json,AMD SEC submissions JSON,en-US
official/source_sec_amzn_2025_10k.htm,source_sec_amzn_2025_10k,US_AMZN,2025,annual_report,https://www.sec.gov/Archives/edgar/data/1018724/000101872426000004/amzn-20251231.htm,"Amazon.com, Inc. latest SEC 10-K",en-US
official/source_sec_amzn_2026_10q.htm,source_sec_amzn_2026_10q,US_AMZN,2026,financial_report,https://www.sec.gov/Archives/edgar/data/1018724/000101872426000014/amzn-20260331.htm,"Amazon.com, Inc. latest SEC 10-Q",en-US
official/source_sec_amzn_submissions.json,source_sec_amzn_submissions,US_AMZN,2026,exchange_data,https://data.sec.gov/submissions/CIK0001018724.json,AMZN SEC submissions JSON,en-US
official/source_sec_avgo_2025_10k.htm,source_sec_avgo_2025_10k,US_AVGO,2025,annual_report,https://www.sec.gov/Archives/edgar/data/1730168/000173016825000121/avgo-20251102.htm,Broadcom Inc. latest SEC 10-K,en-US
official/source_sec_avgo_2026_10q.htm,source_sec_avgo_2026_10q,US_AVGO,2026,financial_report,https://www.sec.gov/Archives/edgar/data/1730168/000173016826000054/avgo-20260503.htm,Broadcom Inc. latest SEC 10-Q,en-US
official/source_sec_avgo_submissions.json,source_sec_avgo_submissions,US_AVGO,2026,exchange_data,https://data.sec.gov/submissions/CIK0001730168.json,AVGO SEC submissions JSON,en-US
official/source_sec_ba_2025_10k.htm,source_sec_ba_2025_10k,US_BA,2025,annual_report,https://www.sec.gov/Archives/edgar/data/12927/000162828026004357/ba-20251231.htm,The Boeing Company latest SEC 10-K,en-US
official/source_sec_ba_2026_10q.htm,source_sec_ba_2026_10q,US_BA,2026,financial_report,https://www.sec.gov/Archives/edgar/data/12927/000162828026026458/ba-20260331.htm,The Boeing Company latest SEC 10-Q,en-US
official/source_sec_ba_submissions.json,source_sec_ba_submissions,US_BA,2026,exchange_data,https://data.sec.gov/submissions/CIK0000012927.json,BA SEC submissions JSON,en-US
official/source_sec_bac_2025_10k.htm,source_sec_bac_2025_10k,US_BAC,2025,annual_report,https://www.sec.gov/Archives/edgar/data/70858/000007085826000157/bac-20251231.htm,Bank of America Corporation latest SEC 10-K,en-US
official/source_sec_bac_2026_10q.htm,source_sec_bac_2026_10q,US_BAC,2026,financial_report,https://www.sec.gov/Archives/edgar/data/70858/000007085826000249/bac-20260331.htm,Bank of America Corporation latest SEC 10-Q,en-US
official/source_sec_bac_submissions.json,source_sec_bac_submissions,US_BAC,2026,exchange_data,https://data.sec.gov/submissions/CIK0000070858.json,BAC SEC submissions JSON,en-US
official/source_sec_blk_2025_10k.htm,source_sec_blk_2025_10k,US_BLK,2025,annual_report,https://www.sec.gov/Archives/edgar/data/2012383/000119312526071966/blk-20251231.htm,"BlackRock, Inc. latest SEC 10-K",en-US
official/source_sec_blk_2026_10q.htm,source_sec_blk_2026_10q,US_BLK,2026,financial_report,https://www.sec.gov/Archives/edgar/data/2012383/000119312526208766/blk-20260331.htm,"BlackRock, Inc. latest SEC 10-Q",en-US
official/source_sec_blk_submissions.json,source_sec_blk_submissions,US_BLK,2026,exchange_data,https://data.sec.gov/submissions/CIK0002012383.json,BLK SEC submissions JSON,en-US
official/source_sec_cat_2025_10k.htm,source_sec_cat_2025_10k,US_CAT,2025,annual_report,https://www.sec.gov/Archives/edgar/data/18230/000001823026000008/cat-20251231.htm,Caterpillar Inc. latest SEC 10-K,en-US
official/source_sec_cat_2026_10q.htm,source_sec_cat_2026_10q,US_CAT,2026,financial_report,https://www.sec.gov/Archives/edgar/data/18230/000001823026000021/cat-20260331.htm,Caterpillar Inc. latest SEC 10-Q,en-US
official/source_sec_cat_submissions.json,source_sec_cat_submissions,US_CAT,2026,exchange_data,https://data.sec.gov/submissions/CIK0000018230.json,CAT SEC submissions JSON,en-US
official/source_sec_company_tickers_exchange.json,source_sec_company_tickers_exchange,,2026,exchange_data,https://www.sec.gov/files/company_tickers_exchange.json,SEC company_tickers_exchange.json,en-US
official/source_sec_cop_2025_10k.htm,source_sec_cop_2025_10k,US_COP,2025,annual_report,https://www.sec.gov/Archives/edgar/data/1163165/000116316526000009/cop-20251231.htm,ConocoPhillips latest SEC 10-K,en-US
official/source_sec_cop_2026_10q.htm,source_sec_cop_2026_10q,US_COP,2026,financial_report,https://www.sec.gov/Archives/edgar/data/1163165/000116316526000018/cop-20260331.htm,ConocoPhillips latest SEC 10-Q,en-US
official/source_sec_cop_submissions.json,source_sec_cop_submissions,US_COP,2026,exchange_data,https://data.sec.gov/submissions/CIK0001163165.json,COP SEC submissions JSON,en-US
official/source_sec_cost_2025_10k.htm,source_sec_cost_2025_10k,US_COST,2025,annual_report,https://www.sec.gov/Archives/edgar/data/909832/000090983225000101/cost-20250831.htm,Costco Wholesale Corporation latest SEC 10-K,en-US
official/source_sec_cost_2026_10q.htm,source_sec_cost_2026_10q,US_COST,2026,financial_report,https://www.sec.gov/Archives/edgar/data/909832/000090983226000051/cost-20260510.htm,Costco Wholesale Corporation latest SEC 10-Q,en-US
official/source_sec_cost_submissions.json,source_sec_cost_submissions,US_COST,2026,exchange_data,https://data.sec.gov/submissions/CIK0000909832.json,COST SEC submissions JSON,en-US
official/source_sec_crm_2026_10k.htm,source_sec_crm_2026_10k,US_CRM,2026,annual_report,https://www.sec.gov/Archives/edgar/data/1108524/000110852426000060/crm-20260131.htm,"Salesforce, Inc. latest SEC 10-K",en-US
official/source_sec_crm_2026_10q.htm,source_sec_crm_2026_10q,US_CRM,2026,financial_report,https://www.sec.gov/Archives/edgar/data/1108524/000110852426000127/crm-20260430.htm,"Salesforce, Inc. latest SEC 10-Q",en-US
official/source_sec_crm_submissions.json,source_sec_crm_submissions,US_CRM,2026,exchange_data,https://data.sec.gov/submissions/CIK0001108524.json,CRM SEC submissions JSON,en-US
official/source_sec_csco_2025_10k.htm,source_sec_csco_2025_10k,US_CSCO,2025,annual_report,https://www.sec.gov/Archives/edgar/data/858877/000085887725000111/csco-20250726.htm,"Cisco Systems, Inc. latest SEC 10-K",en-US
official/source_sec_csco_2026_10q.htm,source_sec_csco_2026_10q,US_CSCO,2026,financial_report,https://www.sec.gov/Archives/edgar/data/858877/000085887726000078/csco-20260425.htm,"Cisco Systems, Inc. latest SEC 10-Q",en-US
official/source_sec_csco_submissions.json,source_sec_csco_submissions,US_CSCO,2026,exchange_data,https://data.sec.gov/submissions/CIK0000858877.json,CSCO SEC submissions JSON,en-US
official/source_sec_cvx_2025_10k.htm,source_sec_cvx_2025_10k,US_CVX,2025,annual_report,https://www.sec.gov/Archives/edgar/data/93410/000009341026000078/cvx-20251231.htm,Chevron Corporation latest SEC 10-K,en-US
official/source_sec_cvx_2026_10q.htm,source_sec_cvx_2026_10q,US_CVX,2026,financial_report,https://www.sec.gov/Archives/edgar/data/93410/000009341026000113/cvx-20260331.htm,Chevron Corporation latest SEC 10-Q,en-US
official/source_sec_cvx_submissions.json,source_sec_cvx_submissions,US_CVX,2026,exchange_data,https://data.sec.gov/submissions/CIK0000093410.json,CVX SEC submissions JSON,en-US
official/source_sec_de_2025_10k.htm,source_sec_de_2025_10k,US_DE,2025,annual_report,https://www.sec.gov/Archives/edgar/data/315189/000110465925122321/de-20251102x10k.htm,Deere & Company latest SEC 10-K,en-US
official/source_sec_de_2026_10q.htm,source_sec_de_2026_10q,US_DE,2026,financial_report,https://www.sec.gov/Archives/edgar/data/315189/000110465926067311/de-20260503x10q.htm,Deere & Company latest SEC 10-Q,en-US
official/source_sec_de_submissions.json,source_sec_de_submissions,US_DE,2026,exchange_data,https://data.sec.gov/submissions/CIK0000315189.json,DE SEC submissions JSON,en-US
official/source_sec_ge_2025_10k.htm,source_sec_ge_2025_10k,US_GE,2025,annual_report,https://www.sec.gov/Archives/edgar/data/40545/000004054526000008/ge-20251231.htm,GE Aerospace latest SEC 10-K,en-US
official/source_sec_ge_2026_10q.htm,source_sec_ge_2026_10q,US_GE,2026,financial_report,https://www.sec.gov/Archives/edgar/data/40545/000004054526000027/ge-20260331.htm,GE Aerospace latest SEC 10-Q,en-US
official/source_sec_ge_submissions.json,source_sec_ge_submissions,US_GE,2026,exchange_data,https://data.sec.gov/submissions/CIK0000040545.json,GE SEC submissions JSON,en-US
official/source_sec_googl_2025_10k.htm,source_sec_googl_2025_10k,US_GOOGL,2025,annual_report,https://www.sec.gov/Archives/edgar/data/1652044/000165204426000018/goog-20251231.htm,Alphabet Inc. latest SEC 10-K,en-US
official/source_sec_googl_2026_10q.htm,source_sec_googl_2026_10q,US_GOOGL,2026,financial_report,https://www.sec.gov/Archives/edgar/data/1652044/000165204426000048/goog-20260331.htm,Alphabet Inc. latest SEC 10-Q,en-US
official/source_sec_googl_submissions.json,source_sec_googl_submissions,US_GOOGL,2026,exchange_data,https://data.sec.gov/submissions/CIK0001652044.json,GOOGL SEC submissions JSON,en-US
official/source_sec_gs_2025_10k.htm,source_sec_gs_2025_10k,US_GS,2025,annual_report,https://www.sec.gov/Archives/edgar/data/886982/000088698226000091/gs-20251231.htm,"The Goldman Sachs Group, Inc. latest SEC 10-K",en-US
official/source_sec_gs_2026_10q.htm,source_sec_gs_2026_10q,US_GS,2026,financial_report,https://www.sec.gov/Archives/edgar/data/886982/000088698226000118/gs-20260331.htm,"The Goldman Sachs Group, Inc. latest SEC 10-Q",en-US
official/source_sec_gs_submissions.json,source_sec_gs_submissions,US_GS,2026,exchange_data,https://data.sec.gov/submissions/CIK0000886982.json,GS SEC submissions JSON,en-US
official/source_sec_hd_2026_10k.htm,source_sec_hd_2026_10k,US_HD,2026,annual_report,https://www.sec.gov/Archives/edgar/data/354950/000162828026019436/hd-20260201.htm,"The Home Depot, Inc. latest SEC 10-K",en-US
official/source_sec_hd_2026_10q.htm,source_sec_hd_2026_10q,US_HD,2026,financial_report,https://www.sec.gov/Archives/edgar/data/354950/000162828026038247/hd-20260503.htm,"The Home Depot, Inc. latest SEC 10-Q",en-US
official/source_sec_hd_submissions.json,source_sec_hd_submissions,US_HD,2026,exchange_data,https://data.sec.gov/submissions/CIK0000354950.json,HD SEC submissions JSON,en-US
official/source_sec_hon_2025_10k.htm,source_sec_hon_2025_10k,US_HON,2025,annual_report,https://www.sec.gov/Archives/edgar/data/773840/000077384026000013/hon-20251231.htm,Honeywell International Inc. latest SEC 10-K,en-US
official/source_sec_hon_2026_10q.htm,source_sec_hon_2026_10q,US_HON,2026,financial_report,https://www.sec.gov/Archives/edgar/data/773840/000077384026000057/hon-20260331.htm,Honeywell International Inc. latest SEC 10-Q,en-US
official/source_sec_hon_submissions.json,source_sec_hon_submissions,US_HON,2026,exchange_data,https://data.sec.gov/submissions/CIK0000773840.json,HON SEC submissions JSON,en-US
official/source_sec_ibm_2025_10k.htm,source_sec_ibm_2025_10k,US_IBM,2025,annual_report,https://www.sec.gov/Archives/edgar/data/51143/000005114326000010/ibm-20251231.htm,International Business Machines Corporation latest SEC 10-K,en-US
official/source_sec_ibm_2026_10q.htm,source_sec_ibm_2026_10q,US_IBM,2026,financial_report,https://www.sec.gov/Archives/edgar/data/51143/000005114326000038/ibm-20260331.htm,International Business Machines Corporation latest SEC 10-Q,en-US
official/source_sec_ibm_submissions.json,source_sec_ibm_submissions,US_IBM,2026,exchange_data,https://data.sec.gov/submissions/CIK0000051143.json,IBM SEC submissions JSON,en-US
official/source_sec_intc_2025_10k.htm,source_sec_intc_2025_10k,US_INTC,2025,annual_report,https://www.sec.gov/Archives/edgar/data/50863/000005086326000011/intc-20251227.htm,Intel Corporation latest SEC 10-K,en-US
official/source_sec_intc_2026_10q.htm,source_sec_intc_2026_10q,US_INTC,2026,financial_report,https://www.sec.gov/Archives/edgar/data/50863/000005086326000079/intc-20260328.htm,Intel Corporation latest SEC 10-Q,en-US
official/source_sec_intc_submissions.json,source_sec_intc_submissions,US_INTC,2026,exchange_data,https://data.sec.gov/submissions/CIK0000050863.json,INTC SEC submissions JSON,en-US
official/source_sec_isrg_2025_10k.htm,source_sec_isrg_2025_10k,US_ISRG,2025,annual_report,https://www.sec.gov/Archives/edgar/data/1035267/000103526726000010/isrg-20251231.htm,"Intuitive Surgical, Inc. latest SEC 10-K",en-US
official/source_sec_isrg_2026_10q.htm,source_sec_isrg_2026_10q,US_ISRG,2026,financial_report,https://www.sec.gov/Archives/edgar/data/1035267/000103526726000032/isrg-20260331.htm,"Intuitive Surgical, Inc. latest SEC 10-Q",en-US
official/source_sec_isrg_submissions.json,source_sec_isrg_submissions,US_ISRG,2026,exchange_data,https://data.sec.gov/submissions/CIK0001035267.json,ISRG SEC submissions JSON,en-US
official/source_sec_jnj_2025_10k.htm,source_sec_jnj_2025_10k,US_JNJ,2025,annual_report,https://www.sec.gov/Archives/edgar/data/200406/000020040626000016/jnj-20251228.htm,Johnson & Johnson latest SEC 10-K,en-US
official/source_sec_jnj_2026_10q.htm,source_sec_jnj_2026_10q,US_JNJ,2026,financial_report,https://www.sec.gov/Archives/edgar/data/200406/000020040626000087/jnj-20260329.htm,Johnson & Johnson latest SEC 10-Q,en-US
official/source_sec_jnj_submissions.json,source_sec_jnj_submissions,US_JNJ,2026,exchange_data,https://data.sec.gov/submissions/CIK0000200406.json,JNJ SEC submissions JSON,en-US
official/source_sec_jpm_2025_10k.htm,source_sec_jpm_2025_10k,US_JPM,2025,annual_report,https://www.sec.gov/Archives/edgar/data/19617/000162828026008131/jpm-20251231.htm,JPMorgan Chase & Co. latest SEC 10-K,en-US
official/source_sec_jpm_2026_10q.htm,source_sec_jpm_2026_10q,US_JPM,2026,financial_report,https://www.sec.gov/Archives/edgar/data/19617/000162828026029344/jpm-20260331.htm,JPMorgan Chase & Co. latest SEC 10-Q,en-US
official/source_sec_jpm_submissions.json,source_sec_jpm_submissions,US_JPM,2026,exchange_data,https://data.sec.gov/submissions/CIK0000019617.json,JPM SEC submissions JSON,en-US
official/source_sec_klac_2025_10k.htm,source_sec_klac_2025_10k,US_KLAC,2025,annual_report,https://www.sec.gov/Archives/edgar/data/319201/000031920125000024/klac-20250630.htm,KLA Corporation latest SEC 10-K,en-US
official/source_sec_klac_2026_10q.htm,source_sec_klac_2026_10q,US_KLAC,2026,financial_report,https://www.sec.gov/Archives/edgar/data/319201/000031920126000016/klac-20260331.htm,KLA Corporation latest SEC 10-Q,en-US
official/source_sec_klac_submissions.json,source_sec_klac_submissions,US_KLAC,2026,exchange_data,https://data.sec.gov/submissions/CIK0000319201.json,KLAC SEC submissions JSON,en-US
official/source_sec_ko_2025_10k.htm,source_sec_ko_2025_10k,US_KO,2025,annual_report,https://www.sec.gov/Archives/edgar/data/21344/000162828026010047/ko-20251231.htm,The Coca-Cola Company latest SEC 10-K,en-US
official/source_sec_ko_2026_10q.htm,source_sec_ko_2026_10q,US_KO,2026,financial_report,https://www.sec.gov/Archives/edgar/data/21344/000162828026028802/ko-20260403.htm,The Coca-Cola Company latest SEC 10-Q,en-US
official/source_sec_ko_submissions.json,source_sec_ko_submissions,US_KO,2026,exchange_data,https://data.sec.gov/submissions/CIK0000021344.json,KO SEC submissions JSON,en-US
official/source_sec_lly_2025_10k.htm,source_sec_lly_2025_10k,US_LLY,2025,annual_report,https://www.sec.gov/Archives/edgar/data/59478/000005947826000013/lly-20251231.htm,Eli Lilly and Company latest SEC 10-K,en-US
official/source_sec_lly_2026_10q.htm,source_sec_lly_2026_10q,US_LLY,2026,financial_report,https://www.sec.gov/Archives/edgar/data/59478/000005947826000045/lly-20260331.htm,Eli Lilly and Company latest SEC 10-Q,en-US
official/source_sec_lly_submissions.json,source_sec_lly_submissions,US_LLY,2026,exchange_data,https://data.sec.gov/submissions/CIK0000059478.json,LLY SEC submissions JSON,en-US
official/source_sec_lrcx_2025_10k.htm,source_sec_lrcx_2025_10k,US_LRCX,2025,annual_report,https://www.sec.gov/Archives/edgar/data/707549/000070754925000075/lrcx-20250629.htm,Lam Research Corporation latest SEC 10-K,en-US
official/source_sec_lrcx_2026_10q.htm,source_sec_lrcx_2026_10q,US_LRCX,2026,financial_report,https://www.sec.gov/Archives/edgar/data/707549/000070754926000022/lrcx-20260329.htm,Lam Research Corporation latest SEC 10-Q,en-US
official/source_sec_lrcx_submissions.json,source_sec_lrcx_submissions,US_LRCX,2026,exchange_data,https://data.sec.gov/submissions/CIK0000707549.json,LRCX SEC submissions JSON,en-US
official/source_sec_ma_2025_10k.htm,source_sec_ma_2025_10k,US_MA,2025,annual_report,https://www.sec.gov/Archives/edgar/data/1141391/000114139126000013/ma-20251231.htm,Mastercard Incorporated latest SEC 10-K,en-US
official/source_sec_ma_2026_10q.htm,source_sec_ma_2026_10q,US_MA,2026,financial_report,https://www.sec.gov/Archives/edgar/data/1141391/000114139126000031/ma-20260331.htm,Mastercard Incorporated latest SEC 10-Q,en-US
official/source_sec_ma_submissions.json,source_sec_ma_submissions,US_MA,2026,exchange_data,https://data.sec.gov/submissions/CIK0001141391.json,MA SEC submissions JSON,en-US
official/source_sec_mcd_2025_10k.htm,source_sec_mcd_2025_10k,US_MCD,2025,annual_report,https://www.sec.gov/Archives/edgar/data/63908/000006390826000035/mcd-20251231.htm,McDonald's Corporation latest SEC 10-K,en-US
official/source_sec_mcd_2026_10q.htm,source_sec_mcd_2026_10q,US_MCD,2026,financial_report,https://www.sec.gov/Archives/edgar/data/63908/000006390826000051/mcd-20260331.htm,McDonald's Corporation latest SEC 10-Q,en-US
official/source_sec_mcd_submissions.json,source_sec_mcd_submissions,US_MCD,2026,exchange_data,https://data.sec.gov/submissions/CIK0000063908.json,MCD SEC submissions JSON,en-US
official/source_sec_mchp_2025_10q.htm,source_sec_mchp_2025_10q,US_MCHP,2025,financial_report,https://www.sec.gov/Archives/edgar/data/827054/000082705426000009/mchp-20251231.htm,Microchip Technology Incorporated latest SEC 10-Q,en-US
official/source_sec_mchp_2026_10k.htm,source_sec_mchp_2026_10k,US_MCHP,2026,annual_report,https://www.sec.gov/Archives/edgar/data/827054/000082705426000016/mchp-20260331.htm,Microchip Technology Incorporated latest SEC 10-K,en-US
official/source_sec_mchp_submissions.json,source_sec_mchp_submissions,US_MCHP,2026,exchange_data,https://data.sec.gov/submissions/CIK0000827054.json,MCHP SEC submissions JSON,en-US
official/source_sec_meta_2025_10k.htm,source_sec_meta_2025_10k,US_META,2025,annual_report,https://www.sec.gov/Archives/edgar/data/1326801/000162828026003942/meta-20251231.htm,"Meta Platforms, Inc. latest SEC 10-K",en-US
official/source_sec_meta_2026_10q.htm,source_sec_meta_2026_10q,US_META,2026,financial_report,https://www.sec.gov/Archives/edgar/data/1326801/000162828026028526/meta-20260331.htm,"Meta Platforms, Inc. latest SEC 10-Q",en-US
official/source_sec_meta_submissions.json,source_sec_meta_submissions,US_META,2026,exchange_data,https://data.sec.gov/submissions/CIK0001326801.json,META SEC submissions JSON,en-US
official/source_sec_mrk_2025_10k.htm,source_sec_mrk_2025_10k,US_MRK,2025,annual_report,https://www.sec.gov/Archives/edgar/data/310158/000031015826000063/mrk-20251231.htm,"Merck & Co., Inc. latest SEC 10-K",en-US
official/source_sec_mrk_2026_10q.htm,source_sec_mrk_2026_10q,US_MRK,2026,financial_report,https://www.sec.gov/Archives/edgar/data/310158/000162828026029802/mrk-20260331.htm,"Merck & Co., Inc. latest SEC 10-Q",en-US
official/source_sec_mrk_submissions.json,source_sec_mrk_submissions,US_MRK,2026,exchange_data,https://data.sec.gov/submissions/CIK0000310158.json,MRK SEC submissions JSON,en-US
official/source_sec_mrvl_2026_10k.htm,source_sec_mrvl_2026_10k,US_MRVL,2026,annual_report,https://www.sec.gov/Archives/edgar/data/1835632/000183563226000011/mrvl-20260131.htm,"Marvell Technology, Inc. latest SEC 10-K",en-US
official/source_sec_mrvl_2026_10q.htm,source_sec_mrvl_2026_10q,US_MRVL,2026,financial_report,https://www.sec.gov/Archives/edgar/data/1835632/000183563226000019/mrvl-20260502.htm,"Marvell Technology, Inc. latest SEC 10-Q",en-US
official/source_sec_mrvl_submissions.json,source_sec_mrvl_submissions,US_MRVL,2026,exchange_data,https://data.sec.gov/submissions/CIK0001835632.json,MRVL SEC submissions JSON,en-US
official/source_sec_ms_2025_10k.htm,source_sec_ms_2025_10k,US_MS,2025,annual_report,https://www.sec.gov/Archives/edgar/data/895421/000089542126000086/ms-20251231.htm,Morgan Stanley latest SEC 10-K,en-US
official/source_sec_ms_2026_10q.htm,source_sec_ms_2026_10q,US_MS,2026,financial_report,https://www.sec.gov/Archives/edgar/data/895421/000089542126000121/ms-20260331.htm,Morgan Stanley latest SEC 10-Q,en-US
official/source_sec_ms_submissions.json,source_sec_ms_submissions,US_MS,2026,exchange_data,https://data.sec.gov/submissions/CIK0000895421.json,MS SEC submissions JSON,en-US
official/source_sec_msft_2025_10k.htm,source_sec_msft_2025_10k,US_MSFT,2025,annual_report,https://www.sec.gov/Archives/edgar/data/789019/000095017025100235/msft-20250630.htm,Microsoft Corporation latest SEC 10-K,en-US
official/source_sec_msft_2026_10q.htm,source_sec_msft_2026_10q,US_MSFT,2026,financial_report,https://www.sec.gov/Archives/edgar/data/789019/000119312526191507/msft-20260331.htm,Microsoft Corporation latest SEC 10-Q,en-US
official/source_sec_msft_submissions.json,source_sec_msft_submissions,US_MSFT,2026,exchange_data,https://data.sec.gov/submissions/CIK0000789019.json,MSFT SEC submissions JSON,en-US
official/source_sec_mu_2025_10k.htm,source_sec_mu_2025_10k,US_MU,2025,annual_report,https://www.sec.gov/Archives/edgar/data/723125/000072312525000028/mu-20250828.htm,Micron Technology latest SEC 10-K,en-US
official/source_sec_mu_2026_10q.htm,source_sec_mu_2026_10q,US_MU,2026,financial_report,https://www.sec.gov/Archives/edgar/data/723125/000072312526000015/mu-20260528.htm,Micron Technology latest SEC 10-Q,en-US
official/source_sec_mu_submissions.json,source_sec_mu_submissions,US_MU,2026,exchange_data,https://data.sec.gov/submissions/CIK0000723125.json,MU SEC submissions JSON,en-US
official/source_sec_nflx_2025_10k.htm,source_sec_nflx_2025_10k,US_NFLX,2025,annual_report,https://www.sec.gov/Archives/edgar/data/1065280/000106528026000034/nflx-20251231.htm,"Netflix, Inc. latest SEC 10-K",en-US
official/source_sec_nflx_2026_10q.htm,source_sec_nflx_2026_10q,US_NFLX,2026,financial_report,https://www.sec.gov/Archives/edgar/data/1065280/000106528026000138/nflx-20260331.htm,"Netflix, Inc. latest SEC 10-Q",en-US
official/source_sec_nflx_submissions.json,source_sec_nflx_submissions,US_NFLX,2026,exchange_data,https://data.sec.gov/submissions/CIK0001065280.json,NFLX SEC submissions JSON,en-US
official/source_sec_nke_2025_10k.htm,source_sec_nke_2025_10k,US_NKE,2025,annual_report,https://www.sec.gov/Archives/edgar/data/320187/000032018725000047/nke-20250531.htm,"Nike, Inc. latest SEC 10-K",en-US
official/source_sec_nke_2026_10q.htm,source_sec_nke_2026_10q,US_NKE,2026,financial_report,https://www.sec.gov/Archives/edgar/data/320187/000032018726000037/nke-20260228.htm,"Nike, Inc. latest SEC 10-Q",en-US
official/source_sec_nke_submissions.json,source_sec_nke_submissions,US_NKE,2026,exchange_data,https://data.sec.gov/submissions/CIK0000320187.json,NKE SEC submissions JSON,en-US
official/source_sec_now_2025_10k.htm,source_sec_now_2025_10k,US_NOW,2025,annual_report,https://www.sec.gov/Archives/edgar/data/1373715/000137371526000007/now-20251231.htm,"ServiceNow, Inc. latest SEC 10-K",en-US
official/source_sec_now_2026_10q.htm,source_sec_now_2026_10q,US_NOW,2026,financial_report,https://www.sec.gov/Archives/edgar/data/1373715/000137371526000056/now-20260331.htm,"ServiceNow, Inc. latest SEC 10-Q",en-US
official/source_sec_now_submissions.json,source_sec_now_submissions,US_NOW,2026,exchange_data,https://data.sec.gov/submissions/CIK0001373715.json,NOW SEC submissions JSON,en-US
official/source_sec_nvda_2026_10k.htm,source_sec_nvda_2026_10k,US_NVDA,2026,annual_report,https://www.sec.gov/Archives/edgar/data/1045810/000104581026000021/nvda-20260125.htm,NVIDIA Corporation latest SEC 10-K,en-US
official/source_sec_nvda_2026_10q.htm,source_sec_nvda_2026_10q,US_NVDA,2026,financial_report,https://www.sec.gov/Archives/edgar/data/1045810/000104581026000052/nvda-20260426.htm,NVIDIA Corporation latest SEC 10-Q,en-US
official/source_sec_nvda_submissions.json,source_sec_nvda_submissions,US_NVDA,2026,exchange_data,https://data.sec.gov/submissions/CIK0001045810.json,NVDA SEC submissions JSON,en-US
official/source_sec_orcl_2026_10k.htm,source_sec_orcl_2026_10k,US_ORCL,2026,annual_report,https://www.sec.gov/Archives/edgar/data/1341439/000119312526277521/orcl-20260531.htm,Oracle Corporation latest SEC 10-K,en-US
official/source_sec_orcl_2026_10q.htm,source_sec_orcl_2026_10q,US_ORCL,2026,financial_report,https://www.sec.gov/Archives/edgar/data/1341439/000119312526101045/orcl-20260228.htm,Oracle Corporation latest SEC 10-Q,en-US
official/source_sec_orcl_submissions.json,source_sec_orcl_submissions,US_ORCL,2026,exchange_data,https://data.sec.gov/submissions/CIK0001341439.json,ORCL SEC submissions JSON,en-US
official/source_sec_panw_2025_10k.htm,source_sec_panw_2025_10k,US_PANW,2025,annual_report,https://www.sec.gov/Archives/edgar/data/1327567/000132756725000027/panw-20250731.htm,"Palo Alto Networks, Inc. latest SEC 10-K",en-US
official/source_sec_panw_2026_10q.htm,source_sec_panw_2026_10q,US_PANW,2026,financial_report,https://www.sec.gov/Archives/edgar/data/1327567/000132756726000015/panw-20260430.htm,"Palo Alto Networks, Inc. latest SEC 10-Q",en-US
official/source_sec_panw_submissions.json,source_sec_panw_submissions,US_PANW,2026,exchange_data,https://data.sec.gov/submissions/CIK0001327567.json,PANW SEC submissions JSON,en-US
official/source_sec_pep_2025_10k.htm,source_sec_pep_2025_10k,US_PEP,2025,annual_report,https://www.sec.gov/Archives/edgar/data/77476/000007747626000007/pep-20251227.htm,"PepsiCo, Inc. latest SEC 10-K",en-US
official/source_sec_pep_2026_10q.htm,source_sec_pep_2026_10q,US_PEP,2026,financial_report,https://www.sec.gov/Archives/edgar/data/77476/000007747626000017/pep-20260321.htm,"PepsiCo, Inc. latest SEC 10-Q",en-US
official/source_sec_pep_submissions.json,source_sec_pep_submissions,US_PEP,2026,exchange_data,https://data.sec.gov/submissions/CIK0000077476.json,PEP SEC submissions JSON,en-US
official/source_sec_pg_2025_10k.htm,source_sec_pg_2025_10k,US_PG,2025,annual_report,https://www.sec.gov/Archives/edgar/data/80424/000008042425000076/pg-20250630.htm,The Procter & Gamble Company latest SEC 10-K,en-US
official/source_sec_pg_2026_10q.htm,source_sec_pg_2026_10q,US_PG,2026,financial_report,https://www.sec.gov/Archives/edgar/data/80424/000008042426000060/pg-20260331.htm,The Procter & Gamble Company latest SEC 10-Q,en-US
official/source_sec_pg_submissions.json,source_sec_pg_submissions,US_PG,2026,exchange_data,https://data.sec.gov/submissions/CIK0000080424.json,PG SEC submissions JSON,en-US
official/source_sec_pltr_2025_10k.htm,source_sec_pltr_2025_10k,US_PLTR,2025,annual_report,https://www.sec.gov/Archives/edgar/data/1321655/000132165526000011/pltr-20251231.htm,Palantir Technologies Inc. latest SEC 10-K,en-US
official/source_sec_pltr_2026_10q.htm,source_sec_pltr_2026_10q,US_PLTR,2026,financial_report,https://www.sec.gov/Archives/edgar/data/1321655/000132165526000028/pltr-20260331.htm,Palantir Technologies Inc. latest SEC 10-Q,en-US
official/source_sec_pltr_submissions.json,source_sec_pltr_submissions,US_PLTR,2026,exchange_data,https://data.sec.gov/submissions/CIK0001321655.json,PLTR SEC submissions JSON,en-US
official/source_sec_qcom_2025_10k.htm,source_sec_qcom_2025_10k,US_QCOM,2025,annual_report,https://www.sec.gov/Archives/edgar/data/804328/000080432825000085/qcom-20250928.htm,QUALCOMM Incorporated latest SEC 10-K,en-US
official/source_sec_qcom_2026_10q.htm,source_sec_qcom_2026_10q,US_QCOM,2026,financial_report,https://www.sec.gov/Archives/edgar/data/804328/000080432826000061/qcom-20260329.htm,QUALCOMM Incorporated latest SEC 10-Q,en-US
official/source_sec_qcom_submissions.json,source_sec_qcom_submissions,US_QCOM,2026,exchange_data,https://data.sec.gov/submissions/CIK0000804328.json,QCOM SEC submissions JSON,en-US
official/source_sec_rtx_2025_10k.htm,source_sec_rtx_2025_10k,US_RTX,2025,annual_report,https://www.sec.gov/Archives/edgar/data/101829/000010182926000006/rtx-20251231.htm,RTX Corporation latest SEC 10-K,en-US
official/source_sec_rtx_2026_10q.htm,source_sec_rtx_2026_10q,US_RTX,2026,financial_report,https://www.sec.gov/Archives/edgar/data/101829/000010182926000011/rtx-20260331.htm,RTX Corporation latest SEC 10-Q,en-US
official/source_sec_rtx_submissions.json,source_sec_rtx_submissions,US_RTX,2026,exchange_data,https://data.sec.gov/submissions/CIK0000101829.json,RTX SEC submissions JSON,en-US
official/source_sec_sbux_2025_10k.htm,source_sec_sbux_2025_10k,US_SBUX,2025,annual_report,https://www.sec.gov/Archives/edgar/data/829224/000082922425000114/sbux-20250928.htm,Starbucks Corporation latest SEC 10-K,en-US
official/source_sec_sbux_2026_10q.htm,source_sec_sbux_2026_10q,US_SBUX,2026,financial_report,https://www.sec.gov/Archives/edgar/data/829224/000082922426000080/sbux-20260329.htm,Starbucks Corporation latest SEC 10-Q,en-US
official/source_sec_sbux_submissions.json,source_sec_sbux_submissions,US_SBUX,2026,exchange_data,https://data.sec.gov/submissions/CIK0000829224.json,SBUX SEC submissions JSON,en-US
official/source_sec_slb_2025_10k.htm,source_sec_slb_2025_10k,US_SLB,2025,annual_report,https://www.sec.gov/Archives/edgar/data/87347/000119312526021017/slb-20251231.htm,Schlumberger Limited latest SEC 10-K,en-US
official/source_sec_slb_2026_10q.htm,source_sec_slb_2026_10q,US_SLB,2026,financial_report,https://www.sec.gov/Archives/edgar/data/87347/000119312526190101/slb-20260331.htm,Schlumberger Limited latest SEC 10-Q,en-US
official/source_sec_slb_submissions.json,source_sec_slb_submissions,US_SLB,2026,exchange_data,https://data.sec.gov/submissions/CIK0000087347.json,SLB SEC submissions JSON,en-US
official/source_sec_snow_2026_10k.htm,source_sec_snow_2026_10k,US_SNOW,2026,annual_report,https://www.sec.gov/Archives/edgar/data/1640147/000164014726000008/snow-20260131.htm,Snowflake Inc. latest SEC 10-K,en-US
official/source_sec_snow_2026_10q.htm,source_sec_snow_2026_10q,US_SNOW,2026,financial_report,https://www.sec.gov/Archives/edgar/data/1640147/000164014726000030/snow-20260430.htm,Snowflake Inc. latest SEC 10-Q,en-US
official/source_sec_snow_submissions.json,source_sec_snow_submissions,US_SNOW,2026,exchange_data,https://data.sec.gov/submissions/CIK0001640147.json,SNOW SEC submissions JSON,en-US
official/source_sec_spgi_2025_10k.htm,source_sec_spgi_2025_10k,US_SPGI,2025,annual_report,https://www.sec.gov/Archives/edgar/data/64040/000006404026000013/spgi-20251231.htm,S&P Global Inc. latest SEC 10-K,en-US
official/source_sec_spgi_2026_10q.htm,source_sec_spgi_2026_10q,US_SPGI,2026,financial_report,https://www.sec.gov/Archives/edgar/data/64040/000006404026000024/spgi-20260331.htm,S&P Global Inc. latest SEC 10-Q,en-US
official/source_sec_spgi_submissions.json,source_sec_spgi_submissions,US_SPGI,2026,exchange_data,https://data.sec.gov/submissions/CIK0000064040.json,SPGI SEC submissions JSON,en-US
official/source_sec_tmo_2025_10k.htm,source_sec_tmo_2025_10k,US_TMO,2025,annual_report,https://www.sec.gov/Archives/edgar/data/97745/000009774526000018/tmo-20251231.htm,Thermo Fisher Scientific Inc. latest SEC 10-K,en-US
official/source_sec_tmo_2026_10q.htm,source_sec_tmo_2026_10q,US_TMO,2026,financial_report,https://www.sec.gov/Archives/edgar/data/97745/000009774526000092/tmo-20260328.htm,Thermo Fisher Scientific Inc. latest SEC 10-Q,en-US
official/source_sec_tmo_submissions.json,source_sec_tmo_submissions,US_TMO,2026,exchange_data,https://data.sec.gov/submissions/CIK0000097745.json,TMO SEC submissions JSON,en-US
official/source_sec_tsla_2025_10k.htm,source_sec_tsla_2025_10k,US_TSLA,2025,annual_report,https://www.sec.gov/Archives/edgar/data/1318605/000162828026003952/tsla-20251231.htm,"Tesla, Inc. latest SEC 10-K",en-US
official/source_sec_tsla_2026_10q.htm,source_sec_tsla_2026_10q,US_TSLA,2026,financial_report,https://www.sec.gov/Archives/edgar/data/1318605/000162828026026673/tsla-20260331.htm,"Tesla, Inc. latest SEC 10-Q",en-US
official/source_sec_tsla_submissions.json,source_sec_tsla_submissions,US_TSLA,2026,exchange_data,https://data.sec.gov/submissions/CIK0001318605.json,TSLA SEC submissions JSON,en-US
official/source_sec_txn_2025_10k.htm,source_sec_txn_2025_10k,US_TXN,2025,annual_report,https://www.sec.gov/Archives/edgar/data/97476/000009747626000059/txn-20251231.htm,Texas Instruments Incorporated latest SEC 10-K,en-US
official/source_sec_txn_2026_10q.htm,source_sec_txn_2026_10q,US_TXN,2026,financial_report,https://www.sec.gov/Archives/edgar/data/97476/000009747626000101/txn-20260331.htm,Texas Instruments Incorporated latest SEC 10-Q,en-US
official/source_sec_txn_submissions.json,source_sec_txn_submissions,US_TXN,2026,exchange_data,https://data.sec.gov/submissions/CIK0000097476.json,TXN SEC submissions JSON,en-US
official/source_sec_uber_2025_10k.htm,source_sec_uber_2025_10k,US_UBER,2025,annual_report,https://www.sec.gov/Archives/edgar/data/1543151/000154315126000015/uber-20251231.htm,"Uber Technologies, Inc. latest SEC 10-K",en-US
official/source_sec_uber_2026_10q.htm,source_sec_uber_2026_10q,US_UBER,2026,financial_report,https://www.sec.gov/Archives/edgar/data/1543151/000154315126000022/uber-20260331.htm,"Uber Technologies, Inc. latest SEC 10-Q",en-US
official/source_sec_uber_submissions.json,source_sec_uber_submissions,US_UBER,2026,exchange_data,https://data.sec.gov/submissions/CIK0001543151.json,UBER SEC submissions JSON,en-US
official/source_sec_unh_2025_10k.htm,source_sec_unh_2025_10k,US_UNH,2025,annual_report,https://www.sec.gov/Archives/edgar/data/731766/000073176626000062/unh-20251231.htm,UnitedHealth Group Incorporated latest SEC 10-K,en-US
official/source_sec_unh_2026_10q.htm,source_sec_unh_2026_10q,US_UNH,2026,financial_report,https://www.sec.gov/Archives/edgar/data/731766/000073176626000127/unh-20260331.htm,UnitedHealth Group Incorporated latest SEC 10-Q,en-US
official/source_sec_unh_submissions.json,source_sec_unh_submissions,US_UNH,2026,exchange_data,https://data.sec.gov/submissions/CIK0000731766.json,UNH SEC submissions JSON,en-US
official/source_sec_unp_2025_10k.htm,source_sec_unp_2025_10k,US_UNP,2025,annual_report,https://www.sec.gov/Archives/edgar/data/100885/000010088526000037/unp-20251231.htm,Union Pacific Corporation latest SEC 10-K,en-US
official/source_sec_unp_2026_10q.htm,source_sec_unp_2026_10q,US_UNP,2026,financial_report,https://www.sec.gov/Archives/edgar/data/100885/000010088526000155/unp-20260331.htm,Union Pacific Corporation latest SEC 10-Q,en-US
official/source_sec_unp_submissions.json,source_sec_unp_submissions,US_UNP,2026,exchange_data,https://data.sec.gov/submissions/CIK0000100885.json,UNP SEC submissions JSON,en-US
official/source_sec_ups_2025_10k.htm,source_sec_ups_2025_10k,US_UPS,2025,annual_report,https://www.sec.gov/Archives/edgar/data/1090727/000162828026008432/ups-20251231.htm,"United Parcel Service, Inc. latest SEC 10-K",en-US
official/source_sec_ups_2026_10q.htm,source_sec_ups_2026_10q,US_UPS,2026,financial_report,https://www.sec.gov/Archives/edgar/data/1090727/000162828026031154/ups-20260331.htm,"United Parcel Service, Inc. latest SEC 10-Q",en-US
official/source_sec_ups_submissions.json,source_sec_ups_submissions,US_UPS,2026,exchange_data,https://data.sec.gov/submissions/CIK0001090727.json,UPS SEC submissions JSON,en-US
official/source_sec_v_2025_10k.htm,source_sec_v_2025_10k,US_V,2025,annual_report,https://www.sec.gov/Archives/edgar/data/1403161/000140316125000089/v-20250930.htm,Visa Inc. latest SEC 10-K,en-US
official/source_sec_v_2026_10q.htm,source_sec_v_2026_10q,US_V,2026,financial_report,https://www.sec.gov/Archives/edgar/data/1403161/000140316126000079/v-20260331.htm,Visa Inc. latest SEC 10-Q,en-US
official/source_sec_v_submissions.json,source_sec_v_submissions,US_V,2026,exchange_data,https://data.sec.gov/submissions/CIK0001403161.json,V SEC submissions JSON,en-US
official/source_sec_wfc_2025_10k.htm,source_sec_wfc_2025_10k,US_WFC,2025,annual_report,https://www.sec.gov/Archives/edgar/data/72971/000007297126000133/wfc-20251231_d2.htm,Wells Fargo & Company latest SEC 10-K,en-US
official/source_sec_wfc_2026_10q.htm,source_sec_wfc_2026_10q,US_WFC,2026,financial_report,https://www.sec.gov/Archives/edgar/data/72971/000007297126000217/wfc-20260331.htm,Wells Fargo & Company latest SEC 10-Q,en-US
official/source_sec_wfc_submissions.json,source_sec_wfc_submissions,US_WFC,2026,exchange_data,https://data.sec.gov/submissions/CIK0000072971.json,WFC SEC submissions JSON,en-US
official/source_sec_wmt_2026_10k.htm,source_sec_wmt_2026_10k,US_WMT,2026,annual_report,https://www.sec.gov/Archives/edgar/data/104169/000010416926000055/wmt-20260131.htm,Walmart Inc. latest SEC 10-K,en-US
official/source_sec_wmt_2026_10q.htm,source_sec_wmt_2026_10q,US_WMT,2026,financial_report,https://www.sec.gov/Archives/edgar/data/104169/000010416926000102/wmt-20260430.htm,Walmart Inc. latest SEC 10-Q,en-US
official/source_sec_wmt_submissions.json,source_sec_wmt_submissions,US_WMT,2026,exchange_data,https://data.sec.gov/submissions/CIK0000104169.json,WMT SEC submissions JSON,en-US
official/source_sec_xom_2025_10k.htm,source_sec_xom_2025_10k,US_XOM,2025,annual_report,https://www.sec.gov/Archives/edgar/data/34088/000003408826000045/xom-20251231.htm,Exxon Mobil Corporation latest SEC 10-K,en-US
official/source_sec_xom_2026_10q.htm,source_sec_xom_2026_10q,US_XOM,2026,financial_report,https://www.sec.gov/Archives/edgar/data/34088/000003408826000067/xom-20260331.htm,Exxon Mobil Corporation latest SEC 10-Q,en-US
official/source_sec_xom_submissions.json,source_sec_xom_submissions,US_XOM,2026,exchange_data,https://data.sec.gov/submissions/CIK0000034088.json,XOM SEC submissions JSON,en-US
official/source_skhynix_financial_statements.html,source_skhynix_financial_statements,KR_000660,2026,financial_report,https://www.skhynix.com/ir/UI-FR-IR07/,SK hynix financial statements,en-US
official/source_skhynix_ir.html,source_skhynix_ir,KR_000660,2026,company_website,https://www.skhynix.com/ir/UI-FR-IR01/,SK hynix investor relations,en-US
official/source_twse_2025_factbook_top_market_cap.html,source_twse_2025_factbook_top_market_cap,,2024,exchange_data,https://www.twse.com.tw/downloads/zh/about/company/factbook/2025/1.04.html,TWSE Fact Book 2025 - Top Companies by Market Capitalization,en-US
