id,title,type,url,publisher,published_date,retrieved_at,company_id,period,language
source_delta_2025_chairman_statement,Delta Electronics 2025 Chairman Statement,company_website,https://www.deltaww.com/zh-TW/investors/chairman-statement,Delta Electronics,,2026-07-05,TWSE_2308,2025,zh-TW
source_delta_2024_annual_report,Delta Electronics 2024 Annual Report,annual_report,https://landing.deltaww.com/zh-TW/Investors/annual-Reports,Delta Electronics,,2026-07-05,TWSE_2308,2024,zh-TW
source_delta_2025_q3_financial_report,Delta Electronics 2025 Q3 Financial Report,financial_report,https://landing.deltaww.com/zh-TW/Investors/financial-Reports,Delta Electronics,,2026-07-05,TWSE_2308,2025Q3,zh-TW
source_delta_2025_q3_results_news,Delta Electronics Announces 2025-Q3 Financial Results,company_website,https://landing.deltaww.com/en-us/news/39958,Delta Electronics,,2026-07-05,TWSE_2308,2025Q3,en-US
source_delta_2025_force_gt_ai_datacenter,Delta Force-GT AI Data Center Power and Liquid Cooling Source,company_website,https://www.deltaww.com/zh-TW/press/39905,Delta Electronics,,2026-07-05,TWSE_2308,2025,zh-TW
source_manual_seed_v0,人工整理初始 seed 資料,manual,,,,2026-07-03,,2026,zh-TW
source_manual_seed_v1,Phase 2.2 人工整理 AI Server 供應鏈 seed 資料,manual,,,,2026-07-03,,2026,zh-TW
source_manual_seed_v2,Phase 8 人工整理台股前 100 擴充 seed 資料,manual,,,,2026-07-03,,2026,zh-TW
source_sec_company_tickers_exchange,SEC company_tickers_exchange.json,exchange_data,https://www.sec.gov/files/company_tickers_exchange.json,U.S. Securities and Exchange Commission,,2026-07-05,,2026,en-US
source_twse_2025_factbook_top_market_cap,TWSE Fact Book 2025 - Top Companies by Market Capitalization,exchange_data,https://www.twse.com.tw/downloads/zh/about/company/factbook/2025/1.04.html,Taiwan Stock Exchange,,2026-07-05,,2024,en-US
source_sec_msft_submissions,MSFT SEC submissions JSON,exchange_data,https://data.sec.gov/submissions/CIK0000789019.json,U.S. Securities and Exchange Commission,,2026-07-05,US_MSFT,2026,en-US
source_sec_msft_2025_10k,Microsoft Corporation latest SEC 10-K,annual_report,https://www.sec.gov/Archives/edgar/data/789019/000095017025100235/msft-20250630.htm,U.S. Securities and Exchange Commission,2025-07-30,2026-07-05,US_MSFT,2025,en-US
source_sec_msft_2026_10q,Microsoft Corporation latest SEC 10-Q,financial_report,https://www.sec.gov/Archives/edgar/data/789019/000119312526191507/msft-20260331.htm,U.S. Securities and Exchange Commission,2026-04-29,2026-07-05,US_MSFT,2026,en-US
source_sec_googl_submissions,GOOGL SEC submissions JSON,exchange_data,https://data.sec.gov/submissions/CIK0001652044.json,U.S. Securities and Exchange Commission,,2026-07-05,US_GOOGL,2026,en-US
source_sec_googl_2025_10k,Alphabet Inc. latest SEC 10-K,annual_report,https://www.sec.gov/Archives/edgar/data/1652044/000165204426000018/goog-20251231.htm,U.S. Securities and Exchange Commission,2026-02-05,2026-07-05,US_GOOGL,2025,en-US
source_sec_googl_2026_10q,Alphabet Inc. latest SEC 10-Q,financial_report,https://www.sec.gov/Archives/edgar/data/1652044/000165204426000048/goog-20260331.htm,U.S. Securities and Exchange Commission,2026-04-30,2026-07-05,US_GOOGL,2026,en-US
source_sec_amzn_submissions,AMZN SEC submissions JSON,exchange_data,https://data.sec.gov/submissions/CIK0001018724.json,U.S. Securities and Exchange Commission,,2026-07-05,US_AMZN,2026,en-US
source_sec_amzn_2025_10k,"Amazon.com, Inc. latest SEC 10-K",annual_report,https://www.sec.gov/Archives/edgar/data/1018724/000101872426000004/amzn-20251231.htm,U.S. Securities and Exchange Commission,2026-02-06,2026-07-05,US_AMZN,2025,en-US
source_sec_amzn_2026_10q,"Amazon.com, Inc. latest SEC 10-Q",financial_report,https://www.sec.gov/Archives/edgar/data/1018724/000101872426000014/amzn-20260331.htm,U.S. Securities and Exchange Commission,2026-04-30,2026-07-05,US_AMZN,2026,en-US
source_sec_meta_submissions,META SEC submissions JSON,exchange_data,https://data.sec.gov/submissions/CIK0001326801.json,U.S. Securities and Exchange Commission,,2026-07-05,US_META,2026,en-US
source_sec_meta_2025_10k,"Meta Platforms, Inc. latest SEC 10-K",annual_report,https://www.sec.gov/Archives/edgar/data/1326801/000162828026003942/meta-20251231.htm,U.S. Securities and Exchange Commission,2026-01-29,2026-07-05,US_META,2025,en-US
source_sec_meta_2026_10q,"Meta Platforms, Inc. latest SEC 10-Q",financial_report,https://www.sec.gov/Archives/edgar/data/1326801/000162828026028526/meta-20260331.htm,U.S. Securities and Exchange Commission,2026-04-30,2026-07-05,US_META,2026,en-US
source_sec_tsla_submissions,TSLA SEC submissions JSON,exchange_data,https://data.sec.gov/submissions/CIK0001318605.json,U.S. Securities and Exchange Commission,,2026-07-05,US_TSLA,2026,en-US
source_sec_tsla_2025_10k,"Tesla, Inc. latest SEC 10-K",annual_report,https://www.sec.gov/Archives/edgar/data/1318605/000162828026003952/tsla-20251231.htm,U.S. Securities and Exchange Commission,2026-01-29,2026-07-05,US_TSLA,2025,en-US
source_sec_tsla_2026_10q,"Tesla, Inc. latest SEC 10-Q",financial_report,https://www.sec.gov/Archives/edgar/data/1318605/000162828026026673/tsla-20260331.htm,U.S. Securities and Exchange Commission,2026-04-23,2026-07-05,US_TSLA,2026,en-US
source_sec_avgo_submissions,AVGO SEC submissions JSON,exchange_data,https://data.sec.gov/submissions/CIK0001730168.json,U.S. Securities and Exchange Commission,,2026-07-05,US_AVGO,2026,en-US
source_sec_avgo_2025_10k,Broadcom Inc. latest SEC 10-K,annual_report,https://www.sec.gov/Archives/edgar/data/1730168/000173016825000121/avgo-20251102.htm,U.S. Securities and Exchange Commission,2025-12-18,2026-07-05,US_AVGO,2025,en-US
source_sec_avgo_2026_10q,Broadcom Inc. latest SEC 10-Q,financial_report,https://www.sec.gov/Archives/edgar/data/1730168/000173016826000054/avgo-20260503.htm,U.S. Securities and Exchange Commission,2026-06-09,2026-07-05,US_AVGO,2026,en-US
source_sec_orcl_submissions,ORCL SEC submissions JSON,exchange_data,https://data.sec.gov/submissions/CIK0001341439.json,U.S. Securities and Exchange Commission,,2026-07-05,US_ORCL,2026,en-US
source_sec_orcl_2026_10k,Oracle Corporation latest SEC 10-K,annual_report,https://www.sec.gov/Archives/edgar/data/1341439/000119312526277521/orcl-20260531.htm,U.S. Securities and Exchange Commission,2026-06-22,2026-07-05,US_ORCL,2026,en-US
source_sec_orcl_2026_10q,Oracle Corporation latest SEC 10-Q,financial_report,https://www.sec.gov/Archives/edgar/data/1341439/000119312526101045/orcl-20260228.htm,U.S. Securities and Exchange Commission,2026-03-11,2026-07-05,US_ORCL,2026,en-US
source_sec_crm_submissions,CRM SEC submissions JSON,exchange_data,https://data.sec.gov/submissions/CIK0001108524.json,U.S. Securities and Exchange Commission,,2026-07-05,US_CRM,2026,en-US
source_sec_crm_2026_10k,"Salesforce, Inc. latest SEC 10-K",annual_report,https://www.sec.gov/Archives/edgar/data/1108524/000110852426000060/crm-20260131.htm,U.S. Securities and Exchange Commission,2026-03-02,2026-07-05,US_CRM,2026,en-US
source_sec_crm_2026_10q,"Salesforce, Inc. latest SEC 10-Q",financial_report,https://www.sec.gov/Archives/edgar/data/1108524/000110852426000127/crm-20260430.htm,U.S. Securities and Exchange Commission,2026-05-28,2026-07-05,US_CRM,2026,en-US
source_sec_nflx_submissions,NFLX SEC submissions JSON,exchange_data,https://data.sec.gov/submissions/CIK0001065280.json,U.S. Securities and Exchange Commission,,2026-07-05,US_NFLX,2026,en-US
source_sec_nflx_2025_10k,"Netflix, Inc. latest SEC 10-K",annual_report,https://www.sec.gov/Archives/edgar/data/1065280/000106528026000034/nflx-20251231.htm,U.S. Securities and Exchange Commission,2026-01-23,2026-07-05,US_NFLX,2025,en-US
source_sec_nflx_2026_10q,"Netflix, Inc. latest SEC 10-Q",financial_report,https://www.sec.gov/Archives/edgar/data/1065280/000106528026000138/nflx-20260331.htm,U.S. Securities and Exchange Commission,2026-04-17,2026-07-05,US_NFLX,2026,en-US
source_sec_adbe_submissions,ADBE SEC submissions JSON,exchange_data,https://data.sec.gov/submissions/CIK0000796343.json,U.S. Securities and Exchange Commission,,2026-07-05,US_ADBE,2026,en-US
source_sec_adbe_2025_10k,Adobe Inc. latest SEC 10-K,annual_report,https://www.sec.gov/Archives/edgar/data/796343/000079634326000003/adbe-20251128.htm,U.S. Securities and Exchange Commission,2026-01-15,2026-07-05,US_ADBE,2025,en-US
source_sec_adbe_2026_10q,Adobe Inc. latest SEC 10-Q,financial_report,https://www.sec.gov/Archives/edgar/data/796343/000079634326000112/adbe-20260529.htm,U.S. Securities and Exchange Commission,2026-06-15,2026-07-05,US_ADBE,2026,en-US
source_sec_qcom_submissions,QCOM SEC submissions JSON,exchange_data,https://data.sec.gov/submissions/CIK0000804328.json,U.S. Securities and Exchange Commission,,2026-07-05,US_QCOM,2026,en-US
source_sec_qcom_2025_10k,QUALCOMM Incorporated latest SEC 10-K,annual_report,https://www.sec.gov/Archives/edgar/data/804328/000080432825000085/qcom-20250928.htm,U.S. Securities and Exchange Commission,2025-11-05,2026-07-05,US_QCOM,2025,en-US
source_sec_qcom_2026_10q,QUALCOMM Incorporated latest SEC 10-Q,financial_report,https://www.sec.gov/Archives/edgar/data/804328/000080432826000061/qcom-20260329.htm,U.S. Securities and Exchange Commission,2026-04-29,2026-07-05,US_QCOM,2026,en-US
source_sec_intc_submissions,INTC SEC submissions JSON,exchange_data,https://data.sec.gov/submissions/CIK0000050863.json,U.S. Securities and Exchange Commission,,2026-07-05,US_INTC,2026,en-US
source_sec_intc_2025_10k,Intel Corporation latest SEC 10-K,annual_report,https://www.sec.gov/Archives/edgar/data/50863/000005086326000011/intc-20251227.htm,U.S. Securities and Exchange Commission,2026-01-23,2026-07-05,US_INTC,2025,en-US
source_sec_intc_2026_10q,Intel Corporation latest SEC 10-Q,financial_report,https://www.sec.gov/Archives/edgar/data/50863/000005086326000079/intc-20260328.htm,U.S. Securities and Exchange Commission,2026-04-24,2026-07-05,US_INTC,2026,en-US
source_sec_ibm_submissions,IBM SEC submissions JSON,exchange_data,https://data.sec.gov/submissions/CIK0000051143.json,U.S. Securities and Exchange Commission,,2026-07-05,US_IBM,2026,en-US
source_sec_ibm_2025_10k,International Business Machines Corporation latest SEC 10-K,annual_report,https://www.sec.gov/Archives/edgar/data/51143/000005114326000010/ibm-20251231.htm,U.S. Securities and Exchange Commission,2026-02-24,2026-07-05,US_IBM,2025,en-US
source_sec_ibm_2026_10q,International Business Machines Corporation latest SEC 10-Q,financial_report,https://www.sec.gov/Archives/edgar/data/51143/000005114326000038/ibm-20260331.htm,U.S. Securities and Exchange Commission,2026-04-23,2026-07-05,US_IBM,2026,en-US
source_sec_csco_submissions,CSCO SEC submissions JSON,exchange_data,https://data.sec.gov/submissions/CIK0000858877.json,U.S. Securities and Exchange Commission,,2026-07-05,US_CSCO,2026,en-US
source_sec_csco_2025_10k,"Cisco Systems, Inc. latest SEC 10-K",annual_report,https://www.sec.gov/Archives/edgar/data/858877/000085887725000111/csco-20250726.htm,U.S. Securities and Exchange Commission,2025-09-03,2026-07-05,US_CSCO,2025,en-US
source_sec_csco_2026_10q,"Cisco Systems, Inc. latest SEC 10-Q",financial_report,https://www.sec.gov/Archives/edgar/data/858877/000085887726000078/csco-20260425.htm,U.S. Securities and Exchange Commission,2026-05-19,2026-07-05,US_CSCO,2026,en-US
source_sec_txn_submissions,TXN SEC submissions JSON,exchange_data,https://data.sec.gov/submissions/CIK0000097476.json,U.S. Securities and Exchange Commission,,2026-07-05,US_TXN,2026,en-US
source_sec_txn_2025_10k,Texas Instruments Incorporated latest SEC 10-K,annual_report,https://www.sec.gov/Archives/edgar/data/97476/000009747626000059/txn-20251231.htm,U.S. Securities and Exchange Commission,2026-02-06,2026-07-05,US_TXN,2025,en-US
source_sec_txn_2026_10q,Texas Instruments Incorporated latest SEC 10-Q,financial_report,https://www.sec.gov/Archives/edgar/data/97476/000009747626000101/txn-20260331.htm,U.S. Securities and Exchange Commission,2026-04-24,2026-07-05,US_TXN,2026,en-US
source_sec_amat_submissions,AMAT SEC submissions JSON,exchange_data,https://data.sec.gov/submissions/CIK0000006951.json,U.S. Securities and Exchange Commission,,2026-07-05,US_AMAT,2026,en-US
source_sec_amat_2025_10k,"Applied Materials, Inc. latest SEC 10-K",annual_report,https://www.sec.gov/Archives/edgar/data/6951/000162828025056742/amat-20251026.htm,U.S. Securities and Exchange Commission,2025-12-12,2026-07-05,US_AMAT,2025,en-US
source_sec_amat_2026_10q,"Applied Materials, Inc. latest SEC 10-Q",financial_report,https://www.sec.gov/Archives/edgar/data/6951/000162828026037227/amat-20260426.htm,U.S. Securities and Exchange Commission,2026-05-21,2026-07-05,US_AMAT,2026,en-US
source_sec_lrcx_submissions,LRCX SEC submissions JSON,exchange_data,https://data.sec.gov/submissions/CIK0000707549.json,U.S. Securities and Exchange Commission,,2026-07-05,US_LRCX,2026,en-US
source_sec_lrcx_2025_10k,Lam Research Corporation latest SEC 10-K,annual_report,https://www.sec.gov/Archives/edgar/data/707549/000070754925000075/lrcx-20250629.htm,U.S. Securities and Exchange Commission,2025-08-11,2026-07-05,US_LRCX,2025,en-US
source_sec_lrcx_2026_10q,Lam Research Corporation latest SEC 10-Q,financial_report,https://www.sec.gov/Archives/edgar/data/707549/000070754926000022/lrcx-20260329.htm,U.S. Securities and Exchange Commission,2026-04-23,2026-07-05,US_LRCX,2026,en-US
source_sec_now_submissions,NOW SEC submissions JSON,exchange_data,https://data.sec.gov/submissions/CIK0001373715.json,U.S. Securities and Exchange Commission,,2026-07-05,US_NOW,2026,en-US
source_sec_now_2025_10k,"ServiceNow, Inc. latest SEC 10-K",annual_report,https://www.sec.gov/Archives/edgar/data/1373715/000137371526000007/now-20251231.htm,U.S. Securities and Exchange Commission,2026-01-29,2026-07-05,US_NOW,2025,en-US
source_sec_now_2026_10q,"ServiceNow, Inc. latest SEC 10-Q",financial_report,https://www.sec.gov/Archives/edgar/data/1373715/000137371526000056/now-20260331.htm,U.S. Securities and Exchange Commission,2026-04-23,2026-07-05,US_NOW,2026,en-US
source_sec_panw_submissions,PANW SEC submissions JSON,exchange_data,https://data.sec.gov/submissions/CIK0001327567.json,U.S. Securities and Exchange Commission,,2026-07-05,US_PANW,2026,en-US
source_sec_panw_2025_10k,"Palo Alto Networks, Inc. latest SEC 10-K",annual_report,https://www.sec.gov/Archives/edgar/data/1327567/000132756725000027/panw-20250731.htm,U.S. Securities and Exchange Commission,2025-08-29,2026-07-05,US_PANW,2025,en-US
source_sec_panw_2026_10q,"Palo Alto Networks, Inc. latest SEC 10-Q",financial_report,https://www.sec.gov/Archives/edgar/data/1327567/000132756726000015/panw-20260430.htm,U.S. Securities and Exchange Commission,2026-06-03,2026-07-05,US_PANW,2026,en-US
source_sec_uber_submissions,UBER SEC submissions JSON,exchange_data,https://data.sec.gov/submissions/CIK0001543151.json,U.S. Securities and Exchange Commission,,2026-07-05,US_UBER,2026,en-US
source_sec_uber_2025_10k,"Uber Technologies, Inc. latest SEC 10-K",annual_report,https://www.sec.gov/Archives/edgar/data/1543151/000154315126000015/uber-20251231.htm,U.S. Securities and Exchange Commission,2026-02-13,2026-07-05,US_UBER,2025,en-US
source_sec_uber_2026_10q,"Uber Technologies, Inc. latest SEC 10-Q",financial_report,https://www.sec.gov/Archives/edgar/data/1543151/000154315126000022/uber-20260331.htm,U.S. Securities and Exchange Commission,2026-05-06,2026-07-05,US_UBER,2026,en-US
source_sec_jpm_submissions,JPM SEC submissions JSON,exchange_data,https://data.sec.gov/submissions/CIK0000019617.json,U.S. Securities and Exchange Commission,,2026-07-05,US_JPM,2026,en-US
source_sec_jpm_2025_10k,JPMorgan Chase & Co. latest SEC 10-K,annual_report,https://www.sec.gov/Archives/edgar/data/19617/000162828026008131/jpm-20251231.htm,U.S. Securities and Exchange Commission,2026-02-13,2026-07-05,US_JPM,2025,en-US
source_sec_jpm_2026_10q,JPMorgan Chase & Co. latest SEC 10-Q,financial_report,https://www.sec.gov/Archives/edgar/data/19617/000162828026029344/jpm-20260331.htm,U.S. Securities and Exchange Commission,2026-05-01,2026-07-05,US_JPM,2026,en-US
source_sec_v_submissions,V SEC submissions JSON,exchange_data,https://data.sec.gov/submissions/CIK0001403161.json,U.S. Securities and Exchange Commission,,2026-07-05,US_V,2026,en-US
source_sec_v_2025_10k,Visa Inc. latest SEC 10-K,annual_report,https://www.sec.gov/Archives/edgar/data/1403161/000140316125000089/v-20250930.htm,U.S. Securities and Exchange Commission,2025-11-06,2026-07-05,US_V,2025,en-US
source_sec_v_2026_10q,Visa Inc. latest SEC 10-Q,financial_report,https://www.sec.gov/Archives/edgar/data/1403161/000140316126000079/v-20260331.htm,U.S. Securities and Exchange Commission,2026-04-29,2026-07-05,US_V,2026,en-US
source_sec_ma_submissions,MA SEC submissions JSON,exchange_data,https://data.sec.gov/submissions/CIK0001141391.json,U.S. Securities and Exchange Commission,,2026-07-05,US_MA,2026,en-US
source_sec_ma_2025_10k,Mastercard Incorporated latest SEC 10-K,annual_report,https://www.sec.gov/Archives/edgar/data/1141391/000114139126000013/ma-20251231.htm,U.S. Securities and Exchange Commission,2026-02-11,2026-07-05,US_MA,2025,en-US
source_sec_ma_2026_10q,Mastercard Incorporated latest SEC 10-Q,financial_report,https://www.sec.gov/Archives/edgar/data/1141391/000114139126000031/ma-20260331.htm,U.S. Securities and Exchange Commission,2026-04-30,2026-07-05,US_MA,2026,en-US
source_sec_wmt_submissions,WMT SEC submissions JSON,exchange_data,https://data.sec.gov/submissions/CIK0000104169.json,U.S. Securities and Exchange Commission,,2026-07-05,US_WMT,2026,en-US
source_sec_wmt_2026_10k,Walmart Inc. latest SEC 10-K,annual_report,https://www.sec.gov/Archives/edgar/data/104169/000010416926000055/wmt-20260131.htm,U.S. Securities and Exchange Commission,2026-03-13,2026-07-05,US_WMT,2026,en-US
source_sec_wmt_2026_10q,Walmart Inc. latest SEC 10-Q,financial_report,https://www.sec.gov/Archives/edgar/data/104169/000010416926000102/wmt-20260430.htm,U.S. Securities and Exchange Commission,2026-05-29,2026-07-05,US_WMT,2026,en-US
source_sec_nvda_submissions,NVDA SEC submissions JSON,exchange_data,https://data.sec.gov/submissions/CIK0001045810.json,U.S. Securities and Exchange Commission,,2026-07-05,US_NVDA,2026,en-US
source_sec_nvda_2026_10k,NVIDIA Corporation latest SEC 10-K,annual_report,https://www.sec.gov/Archives/edgar/data/1045810/000104581026000021/nvda-20260125.htm,U.S. Securities and Exchange Commission,2026-02-25,2026-07-05,US_NVDA,2026,en-US
source_sec_nvda_2026_10q,NVIDIA Corporation latest SEC 10-Q,financial_report,https://www.sec.gov/Archives/edgar/data/1045810/000104581026000052/nvda-20260426.htm,U.S. Securities and Exchange Commission,2026-05-20,2026-07-05,US_NVDA,2026,en-US
source_sec_amd_submissions,AMD SEC submissions JSON,exchange_data,https://data.sec.gov/submissions/CIK0000002488.json,U.S. Securities and Exchange Commission,,2026-07-05,US_AMD,2026,en-US
source_sec_amd_2025_10k,Advanced Micro Devices latest SEC 10-K,annual_report,https://www.sec.gov/Archives/edgar/data/2488/000000248826000018/amd-20251227.htm,U.S. Securities and Exchange Commission,2026-02-04,2026-07-05,US_AMD,2025,en-US
source_sec_amd_2026_10q,Advanced Micro Devices latest SEC 10-Q,financial_report,https://www.sec.gov/Archives/edgar/data/2488/000000248826000076/amd-20260328.htm,U.S. Securities and Exchange Commission,2026-05-06,2026-07-05,US_AMD,2026,en-US
source_sec_aapl_submissions,AAPL SEC submissions JSON,exchange_data,https://data.sec.gov/submissions/CIK0000320193.json,U.S. Securities and Exchange Commission,,2026-07-05,US_AAPL,2026,en-US
source_sec_aapl_2025_10k,Apple Inc. latest SEC 10-K,annual_report,https://www.sec.gov/Archives/edgar/data/320193/000032019325000079/aapl-20250927.htm,U.S. Securities and Exchange Commission,2025-10-31,2026-07-05,US_AAPL,2025,en-US
source_sec_aapl_2026_10q,Apple Inc. latest SEC 10-Q,financial_report,https://www.sec.gov/Archives/edgar/data/320193/000032019326000013/aapl-20260328.htm,U.S. Securities and Exchange Commission,2026-05-01,2026-07-05,US_AAPL,2026,en-US
source_sec_mu_submissions,MU SEC submissions JSON,exchange_data,https://data.sec.gov/submissions/CIK0000723125.json,U.S. Securities and Exchange Commission,,2026-07-05,US_MU,2026,en-US
source_sec_mu_2025_10k,Micron Technology latest SEC 10-K,annual_report,https://www.sec.gov/Archives/edgar/data/723125/000072312525000028/mu-20250828.htm,U.S. Securities and Exchange Commission,2025-10-03,2026-07-05,US_MU,2025,en-US
source_sec_mu_2026_10q,Micron Technology latest SEC 10-Q,financial_report,https://www.sec.gov/Archives/edgar/data/723125/000072312526000015/mu-20260528.htm,U.S. Securities and Exchange Commission,2026-06-25,2026-07-05,US_MU,2026,en-US
source_sec_nke_submissions,NKE SEC submissions JSON,exchange_data,https://data.sec.gov/submissions/CIK0000320187.json,U.S. Securities and Exchange Commission,,2026-07-05,US_NKE,2026,en-US
source_sec_nke_2025_10k,"Nike, Inc. latest SEC 10-K",annual_report,https://www.sec.gov/Archives/edgar/data/320187/000032018725000047/nke-20250531.htm,U.S. Securities and Exchange Commission,2025-07-17,2026-07-05,US_NKE,2025,en-US
source_sec_nke_2026_10q,"Nike, Inc. latest SEC 10-Q",financial_report,https://www.sec.gov/Archives/edgar/data/320187/000032018726000037/nke-20260228.htm,U.S. Securities and Exchange Commission,2026-04-01,2026-07-05,US_NKE,2026,en-US
source_sec_ba_submissions,BA SEC submissions JSON,exchange_data,https://data.sec.gov/submissions/CIK0000012927.json,U.S. Securities and Exchange Commission,,2026-07-05,US_BA,2026,en-US
source_sec_ba_2025_10k,The Boeing Company latest SEC 10-K,annual_report,https://www.sec.gov/Archives/edgar/data/12927/000162828026004357/ba-20251231.htm,U.S. Securities and Exchange Commission,2026-01-30,2026-07-05,US_BA,2025,en-US
source_sec_ba_2026_10q,The Boeing Company latest SEC 10-Q,financial_report,https://www.sec.gov/Archives/edgar/data/12927/000162828026026458/ba-20260331.htm,U.S. Securities and Exchange Commission,2026-04-22,2026-07-05,US_BA,2026,en-US
source_mops_twse_2330_annual_report_index,2330 MOPS annual report search,mops,https://mops.twse.com.tw/mops/web/t57sb01_q1,Market Observation Post System,,2026-07-05,TWSE_2330,2026,zh-TW
source_mops_twse_2330_financial_report_index,2330 MOPS financial statement search,mops,https://mops.twse.com.tw/mops/web/t05st10_ifrs,Market Observation Post System,,2026-07-05,TWSE_2330,2026,zh-TW
source_mops_twse_2317_annual_report_index,2317 MOPS annual report search,mops,https://mops.twse.com.tw/mops/web/t57sb01_q1,Market Observation Post System,,2026-07-05,TWSE_2317,2026,zh-TW
source_mops_twse_2317_financial_report_index,2317 MOPS financial statement search,mops,https://mops.twse.com.tw/mops/web/t05st10_ifrs,Market Observation Post System,,2026-07-05,TWSE_2317,2026,zh-TW
source_mops_twse_2454_annual_report_index,2454 MOPS annual report search,mops,https://mops.twse.com.tw/mops/web/t57sb01_q1,Market Observation Post System,,2026-07-05,TWSE_2454,2026,zh-TW
source_mops_twse_2454_financial_report_index,2454 MOPS financial statement search,mops,https://mops.twse.com.tw/mops/web/t05st10_ifrs,Market Observation Post System,,2026-07-05,TWSE_2454,2026,zh-TW
source_mops_twse_2308_annual_report_index,2308 MOPS annual report search,mops,https://mops.twse.com.tw/mops/web/t57sb01_q1,Market Observation Post System,,2026-07-05,TWSE_2308,2026,zh-TW
source_mops_twse_2308_financial_report_index,2308 MOPS financial statement search,mops,https://mops.twse.com.tw/mops/web/t05st10_ifrs,Market Observation Post System,,2026-07-05,TWSE_2308,2026,zh-TW
source_mops_twse_2382_annual_report_index,2382 MOPS annual report search,mops,https://mops.twse.com.tw/mops/web/t57sb01_q1,Market Observation Post System,,2026-07-05,TWSE_2382,2026,zh-TW
source_mops_twse_2382_financial_report_index,2382 MOPS financial statement search,mops,https://mops.twse.com.tw/mops/web/t05st10_ifrs,Market Observation Post System,,2026-07-05,TWSE_2382,2026,zh-TW
source_mops_twse_2881_annual_report_index,2881 MOPS annual report search,mops,https://mops.twse.com.tw/mops/web/t57sb01_q1,Market Observation Post System,,2026-07-05,TWSE_2881,2026,zh-TW
source_mops_twse_2881_financial_report_index,2881 MOPS financial statement search,mops,https://mops.twse.com.tw/mops/web/t05st10_ifrs,Market Observation Post System,,2026-07-05,TWSE_2881,2026,zh-TW
source_mops_twse_2882_annual_report_index,2882 MOPS annual report search,mops,https://mops.twse.com.tw/mops/web/t57sb01_q1,Market Observation Post System,,2026-07-05,TWSE_2882,2026,zh-TW
source_mops_twse_2882_financial_report_index,2882 MOPS financial statement search,mops,https://mops.twse.com.tw/mops/web/t05st10_ifrs,Market Observation Post System,,2026-07-05,TWSE_2882,2026,zh-TW
source_mops_twse_2412_annual_report_index,2412 MOPS annual report search,mops,https://mops.twse.com.tw/mops/web/t57sb01_q1,Market Observation Post System,,2026-07-05,TWSE_2412,2026,zh-TW
source_mops_twse_2412_financial_report_index,2412 MOPS financial statement search,mops,https://mops.twse.com.tw/mops/web/t05st10_ifrs,Market Observation Post System,,2026-07-05,TWSE_2412,2026,zh-TW
source_mops_twse_3711_annual_report_index,3711 MOPS annual report search,mops,https://mops.twse.com.tw/mops/web/t57sb01_q1,Market Observation Post System,,2026-07-05,TWSE_3711,2026,zh-TW
source_mops_twse_3711_financial_report_index,3711 MOPS financial statement search,mops,https://mops.twse.com.tw/mops/web/t05st10_ifrs,Market Observation Post System,,2026-07-05,TWSE_3711,2026,zh-TW
source_mops_twse_2891_annual_report_index,2891 MOPS annual report search,mops,https://mops.twse.com.tw/mops/web/t57sb01_q1,Market Observation Post System,,2026-07-05,TWSE_2891,2026,zh-TW
source_mops_twse_2891_financial_report_index,2891 MOPS financial statement search,mops,https://mops.twse.com.tw/mops/web/t05st10_ifrs,Market Observation Post System,,2026-07-05,TWSE_2891,2026,zh-TW
source_mops_twse_2303_annual_report_index,2303 MOPS annual report search,mops,https://mops.twse.com.tw/mops/web/t57sb01_q1,Market Observation Post System,,2026-07-05,TWSE_2303,2026,zh-TW
source_mops_twse_2303_financial_report_index,2303 MOPS financial statement search,mops,https://mops.twse.com.tw/mops/web/t05st10_ifrs,Market Observation Post System,,2026-07-05,TWSE_2303,2026,zh-TW
source_mops_twse_2886_annual_report_index,2886 MOPS annual report search,mops,https://mops.twse.com.tw/mops/web/t57sb01_q1,Market Observation Post System,,2026-07-05,TWSE_2886,2026,zh-TW
source_mops_twse_2886_financial_report_index,2886 MOPS financial statement search,mops,https://mops.twse.com.tw/mops/web/t05st10_ifrs,Market Observation Post System,,2026-07-05,TWSE_2886,2026,zh-TW
source_mops_twse_6505_annual_report_index,6505 MOPS annual report search,mops,https://mops.twse.com.tw/mops/web/t57sb01_q1,Market Observation Post System,,2026-07-05,TWSE_6505,2026,zh-TW
source_mops_twse_6505_financial_report_index,6505 MOPS financial statement search,mops,https://mops.twse.com.tw/mops/web/t05st10_ifrs,Market Observation Post System,,2026-07-05,TWSE_6505,2026,zh-TW
source_mops_twse_2357_annual_report_index,2357 MOPS annual report search,mops,https://mops.twse.com.tw/mops/web/t57sb01_q1,Market Observation Post System,,2026-07-05,TWSE_2357,2026,zh-TW
source_mops_twse_2357_financial_report_index,2357 MOPS financial statement search,mops,https://mops.twse.com.tw/mops/web/t05st10_ifrs,Market Observation Post System,,2026-07-05,TWSE_2357,2026,zh-TW
source_mops_twse_2884_annual_report_index,2884 MOPS annual report search,mops,https://mops.twse.com.tw/mops/web/t57sb01_q1,Market Observation Post System,,2026-07-05,TWSE_2884,2026,zh-TW
source_mops_twse_2884_financial_report_index,2884 MOPS financial statement search,mops,https://mops.twse.com.tw/mops/web/t05st10_ifrs,Market Observation Post System,,2026-07-05,TWSE_2884,2026,zh-TW
source_mops_twse_2885_annual_report_index,2885 MOPS annual report search,mops,https://mops.twse.com.tw/mops/web/t57sb01_q1,Market Observation Post System,,2026-07-05,TWSE_2885,2026,zh-TW
source_mops_twse_2885_financial_report_index,2885 MOPS financial statement search,mops,https://mops.twse.com.tw/mops/web/t05st10_ifrs,Market Observation Post System,,2026-07-05,TWSE_2885,2026,zh-TW
source_mops_twse_6669_annual_report_index,6669 MOPS annual report search,mops,https://mops.twse.com.tw/mops/web/t57sb01_q1,Market Observation Post System,,2026-07-05,TWSE_6669,2026,zh-TW
source_mops_twse_6669_financial_report_index,6669 MOPS financial statement search,mops,https://mops.twse.com.tw/mops/web/t05st10_ifrs,Market Observation Post System,,2026-07-05,TWSE_6669,2026,zh-TW
source_mops_twse_1216_annual_report_index,1216 MOPS annual report search,mops,https://mops.twse.com.tw/mops/web/t57sb01_q1,Market Observation Post System,,2026-07-05,TWSE_1216,2026,zh-TW
source_mops_twse_1216_financial_report_index,1216 MOPS financial statement search,mops,https://mops.twse.com.tw/mops/web/t05st10_ifrs,Market Observation Post System,,2026-07-05,TWSE_1216,2026,zh-TW
source_mops_twse_2603_annual_report_index,2603 MOPS annual report search,mops,https://mops.twse.com.tw/mops/web/t57sb01_q1,Market Observation Post System,,2026-07-05,TWSE_2603,2026,zh-TW
source_mops_twse_2603_financial_report_index,2603 MOPS financial statement search,mops,https://mops.twse.com.tw/mops/web/t05st10_ifrs,Market Observation Post System,,2026-07-05,TWSE_2603,2026,zh-TW
source_mops_twse_3231_annual_report_index,3231 MOPS annual report search,mops,https://mops.twse.com.tw/mops/web/t57sb01_q1,Market Observation Post System,,2026-07-05,TWSE_3231,2026,zh-TW
source_mops_twse_3231_financial_report_index,3231 MOPS financial statement search,mops,https://mops.twse.com.tw/mops/web/t05st10_ifrs,Market Observation Post System,,2026-07-05,TWSE_3231,2026,zh-TW
source_mops_twse_5871_annual_report_index,5871 MOPS annual report search,mops,https://mops.twse.com.tw/mops/web/t57sb01_q1,Market Observation Post System,,2026-07-05,TWSE_5871,2026,zh-TW
source_mops_twse_5871_financial_report_index,5871 MOPS financial statement search,mops,https://mops.twse.com.tw/mops/web/t05st10_ifrs,Market Observation Post System,,2026-07-05,TWSE_5871,2026,zh-TW
source_mops_twse_2892_annual_report_index,2892 MOPS annual report search,mops,https://mops.twse.com.tw/mops/web/t57sb01_q1,Market Observation Post System,,2026-07-05,TWSE_2892,2026,zh-TW
source_mops_twse_2892_financial_report_index,2892 MOPS financial statement search,mops,https://mops.twse.com.tw/mops/web/t05st10_ifrs,Market Observation Post System,,2026-07-05,TWSE_2892,2026,zh-TW
source_mops_twse_2345_annual_report_index,2345 MOPS annual report search,mops,https://mops.twse.com.tw/mops/web/t57sb01_q1,Market Observation Post System,,2026-07-05,TWSE_2345,2026,zh-TW
source_mops_twse_2345_financial_report_index,2345 MOPS financial statement search,mops,https://mops.twse.com.tw/mops/web/t05st10_ifrs,Market Observation Post System,,2026-07-05,TWSE_2345,2026,zh-TW
source_mops_twse_3045_annual_report_index,3045 MOPS annual report search,mops,https://mops.twse.com.tw/mops/web/t57sb01_q1,Market Observation Post System,,2026-07-05,TWSE_3045,2026,zh-TW
source_mops_twse_3045_financial_report_index,3045 MOPS financial statement search,mops,https://mops.twse.com.tw/mops/web/t05st10_ifrs,Market Observation Post System,,2026-07-05,TWSE_3045,2026,zh-TW
source_mops_twse_5880_annual_report_index,5880 MOPS annual report search,mops,https://mops.twse.com.tw/mops/web/t57sb01_q1,Market Observation Post System,,2026-07-05,TWSE_5880,2026,zh-TW
source_mops_twse_5880_financial_report_index,5880 MOPS financial statement search,mops,https://mops.twse.com.tw/mops/web/t05st10_ifrs,Market Observation Post System,,2026-07-05,TWSE_5880,2026,zh-TW
source_mops_twse_2880_annual_report_index,2880 MOPS annual report search,mops,https://mops.twse.com.tw/mops/web/t57sb01_q1,Market Observation Post System,,2026-07-05,TWSE_2880,2026,zh-TW
source_mops_twse_2880_financial_report_index,2880 MOPS financial statement search,mops,https://mops.twse.com.tw/mops/web/t05st10_ifrs,Market Observation Post System,,2026-07-05,TWSE_2880,2026,zh-TW
source_mops_twse_2002_annual_report_index,2002 MOPS annual report search,mops,https://mops.twse.com.tw/mops/web/t57sb01_q1,Market Observation Post System,,2026-07-05,TWSE_2002,2026,zh-TW
source_mops_twse_2002_financial_report_index,2002 MOPS financial statement search,mops,https://mops.twse.com.tw/mops/web/t05st10_ifrs,Market Observation Post System,,2026-07-05,TWSE_2002,2026,zh-TW
source_mops_twse_2207_annual_report_index,2207 MOPS annual report search,mops,https://mops.twse.com.tw/mops/web/t57sb01_q1,Market Observation Post System,,2026-07-05,TWSE_2207,2026,zh-TW
source_mops_twse_2207_financial_report_index,2207 MOPS financial statement search,mops,https://mops.twse.com.tw/mops/web/t05st10_ifrs,Market Observation Post System,,2026-07-05,TWSE_2207,2026,zh-TW
source_mops_twse_1301_annual_report_index,1301 MOPS annual report search,mops,https://mops.twse.com.tw/mops/web/t57sb01_q1,Market Observation Post System,,2026-07-05,TWSE_1301,2026,zh-TW
source_mops_twse_1301_financial_report_index,1301 MOPS financial statement search,mops,https://mops.twse.com.tw/mops/web/t05st10_ifrs,Market Observation Post System,,2026-07-05,TWSE_1301,2026,zh-TW
source_mops_twse_1303_annual_report_index,1303 MOPS annual report search,mops,https://mops.twse.com.tw/mops/web/t57sb01_q1,Market Observation Post System,,2026-07-05,TWSE_1303,2026,zh-TW
source_mops_twse_1303_financial_report_index,1303 MOPS financial statement search,mops,https://mops.twse.com.tw/mops/web/t05st10_ifrs,Market Observation Post System,,2026-07-05,TWSE_1303,2026,zh-TW
source_mops_twse_4904_annual_report_index,4904 MOPS annual report search,mops,https://mops.twse.com.tw/mops/web/t57sb01_q1,Market Observation Post System,,2026-07-05,TWSE_4904,2026,zh-TW
source_mops_twse_4904_financial_report_index,4904 MOPS financial statement search,mops,https://mops.twse.com.tw/mops/web/t05st10_ifrs,Market Observation Post System,,2026-07-05,TWSE_4904,2026,zh-TW
source_mops_twse_3008_annual_report_index,3008 MOPS annual report search,mops,https://mops.twse.com.tw/mops/web/t57sb01_q1,Market Observation Post System,,2026-07-05,TWSE_3008,2026,zh-TW
source_mops_twse_3008_financial_report_index,3008 MOPS financial statement search,mops,https://mops.twse.com.tw/mops/web/t05st10_ifrs,Market Observation Post System,,2026-07-05,TWSE_3008,2026,zh-TW
source_mops_twse_2890_annual_report_index,2890 MOPS annual report search,mops,https://mops.twse.com.tw/mops/web/t57sb01_q1,Market Observation Post System,,2026-07-05,TWSE_2890,2026,zh-TW
source_mops_twse_2890_financial_report_index,2890 MOPS financial statement search,mops,https://mops.twse.com.tw/mops/web/t05st10_ifrs,Market Observation Post System,,2026-07-05,TWSE_2890,2026,zh-TW
source_mops_twse_2887_annual_report_index,2887 MOPS annual report search,mops,https://mops.twse.com.tw/mops/web/t57sb01_q1,Market Observation Post System,,2026-07-05,TWSE_2887,2026,zh-TW
source_mops_twse_2887_financial_report_index,2887 MOPS financial statement search,mops,https://mops.twse.com.tw/mops/web/t05st10_ifrs,Market Observation Post System,,2026-07-05,TWSE_2887,2026,zh-TW
source_mops_twse_1326_annual_report_index,1326 MOPS annual report search,mops,https://mops.twse.com.tw/mops/web/t57sb01_q1,Market Observation Post System,,2026-07-05,TWSE_1326,2026,zh-TW
source_mops_twse_1326_financial_report_index,1326 MOPS financial statement search,mops,https://mops.twse.com.tw/mops/web/t05st10_ifrs,Market Observation Post System,,2026-07-05,TWSE_1326,2026,zh-TW
source_mops_twse_3034_annual_report_index,3034 MOPS annual report search,mops,https://mops.twse.com.tw/mops/web/t57sb01_q1,Market Observation Post System,,2026-07-05,TWSE_3034,2026,zh-TW
source_mops_twse_3034_financial_report_index,3034 MOPS financial statement search,mops,https://mops.twse.com.tw/mops/web/t05st10_ifrs,Market Observation Post System,,2026-07-05,TWSE_3034,2026,zh-TW
source_mops_twse_2883_annual_report_index,2883 MOPS annual report search,mops,https://mops.twse.com.tw/mops/web/t57sb01_q1,Market Observation Post System,,2026-07-05,TWSE_2883,2026,zh-TW
source_mops_twse_2883_financial_report_index,2883 MOPS financial statement search,mops,https://mops.twse.com.tw/mops/web/t05st10_ifrs,Market Observation Post System,,2026-07-05,TWSE_2883,2026,zh-TW
source_mops_twse_3017_annual_report_index,3017 MOPS annual report search,mops,https://mops.twse.com.tw/mops/web/t57sb01_q1,Market Observation Post System,,2026-07-05,TWSE_3017,2026,zh-TW
source_mops_twse_3017_financial_report_index,3017 MOPS financial statement search,mops,https://mops.twse.com.tw/mops/web/t05st10_ifrs,Market Observation Post System,,2026-07-05,TWSE_3017,2026,zh-TW
source_mops_twse_2383_annual_report_index,2383 MOPS annual report search,mops,https://mops.twse.com.tw/mops/web/t57sb01_q1,Market Observation Post System,,2026-07-05,TWSE_2383,2026,zh-TW
source_mops_twse_2383_financial_report_index,2383 MOPS financial statement search,mops,https://mops.twse.com.tw/mops/web/t05st10_ifrs,Market Observation Post System,,2026-07-05,TWSE_2383,2026,zh-TW
source_mops_twse_2379_annual_report_index,2379 MOPS annual report search,mops,https://mops.twse.com.tw/mops/web/t57sb01_q1,Market Observation Post System,,2026-07-05,TWSE_2379,2026,zh-TW
source_mops_twse_2379_financial_report_index,2379 MOPS financial statement search,mops,https://mops.twse.com.tw/mops/web/t05st10_ifrs,Market Observation Post System,,2026-07-05,TWSE_2379,2026,zh-TW
source_mops_twse_3037_annual_report_index,3037 MOPS annual report search,mops,https://mops.twse.com.tw/mops/web/t57sb01_q1,Market Observation Post System,,2026-07-05,TWSE_3037,2026,zh-TW
source_mops_twse_3037_financial_report_index,3037 MOPS financial statement search,mops,https://mops.twse.com.tw/mops/web/t05st10_ifrs,Market Observation Post System,,2026-07-05,TWSE_3037,2026,zh-TW
source_mops_twse_4938_annual_report_index,4938 MOPS annual report search,mops,https://mops.twse.com.tw/mops/web/t57sb01_q1,Market Observation Post System,,2026-07-05,TWSE_4938,2026,zh-TW
source_mops_twse_4938_financial_report_index,4938 MOPS financial statement search,mops,https://mops.twse.com.tw/mops/web/t05st10_ifrs,Market Observation Post System,,2026-07-05,TWSE_4938,2026,zh-TW
source_mops_twse_2301_annual_report_index,2301 MOPS annual report search,mops,https://mops.twse.com.tw/mops/web/t57sb01_q1,Market Observation Post System,,2026-07-05,TWSE_2301,2026,zh-TW
source_mops_twse_2301_financial_report_index,2301 MOPS financial statement search,mops,https://mops.twse.com.tw/mops/web/t05st10_ifrs,Market Observation Post System,,2026-07-05,TWSE_2301,2026,zh-TW
source_mops_twse_2609_annual_report_index,2609 MOPS annual report search,mops,https://mops.twse.com.tw/mops/web/t57sb01_q1,Market Observation Post System,,2026-07-05,TWSE_2609,2026,zh-TW
source_mops_twse_2609_financial_report_index,2609 MOPS financial statement search,mops,https://mops.twse.com.tw/mops/web/t05st10_ifrs,Market Observation Post System,,2026-07-05,TWSE_2609,2026,zh-TW
source_mops_twse_3661_annual_report_index,3661 MOPS annual report search,mops,https://mops.twse.com.tw/mops/web/t57sb01_q1,Market Observation Post System,,2026-07-05,TWSE_3661,2026,zh-TW
source_mops_twse_3661_financial_report_index,3661 MOPS financial statement search,mops,https://mops.twse.com.tw/mops/web/t05st10_ifrs,Market Observation Post System,,2026-07-05,TWSE_3661,2026,zh-TW
source_mops_twse_2615_annual_report_index,2615 MOPS annual report search,mops,https://mops.twse.com.tw/mops/web/t57sb01_q1,Market Observation Post System,,2026-07-05,TWSE_2615,2026,zh-TW
source_mops_twse_2615_financial_report_index,2615 MOPS financial statement search,mops,https://mops.twse.com.tw/mops/web/t05st10_ifrs,Market Observation Post System,,2026-07-05,TWSE_2615,2026,zh-TW
source_mops_twse_1101_annual_report_index,1101 MOPS annual report search,mops,https://mops.twse.com.tw/mops/web/t57sb01_q1,Market Observation Post System,,2026-07-05,TWSE_1101,2026,zh-TW
source_mops_twse_1101_financial_report_index,1101 MOPS financial statement search,mops,https://mops.twse.com.tw/mops/web/t05st10_ifrs,Market Observation Post System,,2026-07-05,TWSE_1101,2026,zh-TW
source_mops_twse_2912_annual_report_index,2912 MOPS annual report search,mops,https://mops.twse.com.tw/mops/web/t57sb01_q1,Market Observation Post System,,2026-07-05,TWSE_2912,2026,zh-TW
source_mops_twse_2912_financial_report_index,2912 MOPS financial statement search,mops,https://mops.twse.com.tw/mops/web/t05st10_ifrs,Market Observation Post System,,2026-07-05,TWSE_2912,2026,zh-TW
source_mops_twse_2395_annual_report_index,2395 MOPS annual report search,mops,https://mops.twse.com.tw/mops/web/t57sb01_q1,Market Observation Post System,,2026-07-05,TWSE_2395,2026,zh-TW
source_mops_twse_2395_financial_report_index,2395 MOPS financial statement search,mops,https://mops.twse.com.tw/mops/web/t05st10_ifrs,Market Observation Post System,,2026-07-05,TWSE_2395,2026,zh-TW
source_mops_twse_2327_annual_report_index,2327 MOPS annual report search,mops,https://mops.twse.com.tw/mops/web/t57sb01_q1,Market Observation Post System,,2026-07-05,TWSE_2327,2026,zh-TW
source_mops_twse_2327_financial_report_index,2327 MOPS financial statement search,mops,https://mops.twse.com.tw/mops/web/t05st10_ifrs,Market Observation Post System,,2026-07-05,TWSE_2327,2026,zh-TW
source_mops_twse_2618_annual_report_index,2618 MOPS annual report search,mops,https://mops.twse.com.tw/mops/web/t57sb01_q1,Market Observation Post System,,2026-07-05,TWSE_2618,2026,zh-TW
source_mops_twse_2618_financial_report_index,2618 MOPS financial statement search,mops,https://mops.twse.com.tw/mops/web/t05st10_ifrs,Market Observation Post System,,2026-07-05,TWSE_2618,2026,zh-TW
source_mops_twse_1590_annual_report_index,1590 MOPS annual report search,mops,https://mops.twse.com.tw/mops/web/t57sb01_q1,Market Observation Post System,,2026-07-05,TWSE_1590,2026,zh-TW
source_mops_twse_1590_financial_report_index,1590 MOPS financial statement search,mops,https://mops.twse.com.tw/mops/web/t05st10_ifrs,Market Observation Post System,,2026-07-05,TWSE_1590,2026,zh-TW
source_mops_twse_2059_annual_report_index,2059 MOPS annual report search,mops,https://mops.twse.com.tw/mops/web/t57sb01_q1,Market Observation Post System,,2026-07-05,TWSE_2059,2026,zh-TW
source_mops_twse_2059_financial_report_index,2059 MOPS financial statement search,mops,https://mops.twse.com.tw/mops/web/t05st10_ifrs,Market Observation Post System,,2026-07-05,TWSE_2059,2026,zh-TW
source_mops_twse_2356_annual_report_index,2356 MOPS annual report search,mops,https://mops.twse.com.tw/mops/web/t57sb01_q1,Market Observation Post System,,2026-07-05,TWSE_2356,2026,zh-TW
source_mops_twse_2356_financial_report_index,2356 MOPS financial statement search,mops,https://mops.twse.com.tw/mops/web/t05st10_ifrs,Market Observation Post System,,2026-07-05,TWSE_2356,2026,zh-TW
source_mops_twse_2377_annual_report_index,2377 MOPS annual report search,mops,https://mops.twse.com.tw/mops/web/t57sb01_q1,Market Observation Post System,,2026-07-05,TWSE_2377,2026,zh-TW
source_mops_twse_2377_financial_report_index,2377 MOPS financial statement search,mops,https://mops.twse.com.tw/mops/web/t05st10_ifrs,Market Observation Post System,,2026-07-05,TWSE_2377,2026,zh-TW
source_mops_twse_2376_annual_report_index,2376 MOPS annual report search,mops,https://mops.twse.com.tw/mops/web/t57sb01_q1,Market Observation Post System,,2026-07-05,TWSE_2376,2026,zh-TW
source_mops_twse_2376_financial_report_index,2376 MOPS financial statement search,mops,https://mops.twse.com.tw/mops/web/t05st10_ifrs,Market Observation Post System,,2026-07-05,TWSE_2376,2026,zh-TW
source_mops_twse_1519_annual_report_index,1519 MOPS annual report search,mops,https://mops.twse.com.tw/mops/web/t57sb01_q1,Market Observation Post System,,2026-07-05,TWSE_1519,2026,zh-TW
source_mops_twse_1519_financial_report_index,1519 MOPS financial statement search,mops,https://mops.twse.com.tw/mops/web/t05st10_ifrs,Market Observation Post System,,2026-07-05,TWSE_1519,2026,zh-TW
source_mops_twse_2449_annual_report_index,2449 MOPS annual report search,mops,https://mops.twse.com.tw/mops/web/t57sb01_q1,Market Observation Post System,,2026-07-05,TWSE_2449,2026,zh-TW
source_mops_twse_2449_financial_report_index,2449 MOPS financial statement search,mops,https://mops.twse.com.tw/mops/web/t05st10_ifrs,Market Observation Post System,,2026-07-05,TWSE_2449,2026,zh-TW
source_mops_twse_6239_annual_report_index,6239 MOPS annual report search,mops,https://mops.twse.com.tw/mops/web/t57sb01_q1,Market Observation Post System,,2026-07-05,TWSE_6239,2026,zh-TW
source_mops_twse_6239_financial_report_index,6239 MOPS financial statement search,mops,https://mops.twse.com.tw/mops/web/t05st10_ifrs,Market Observation Post System,,2026-07-05,TWSE_6239,2026,zh-TW
source_mops_twse_3443_annual_report_index,3443 MOPS annual report search,mops,https://mops.twse.com.tw/mops/web/t57sb01_q1,Market Observation Post System,,2026-07-05,TWSE_3443,2026,zh-TW
source_mops_twse_3443_financial_report_index,3443 MOPS financial statement search,mops,https://mops.twse.com.tw/mops/web/t05st10_ifrs,Market Observation Post System,,2026-07-05,TWSE_3443,2026,zh-TW
source_mops_tpex_8299_annual_report_index,8299 MOPS annual report search,mops,https://mops.twse.com.tw/mops/web/t57sb01_q1,Market Observation Post System,,2026-07-05,TPEX_8299,2026,zh-TW
source_mops_tpex_8299_financial_report_index,8299 MOPS financial statement search,mops,https://mops.twse.com.tw/mops/web/t05st10_ifrs,Market Observation Post System,,2026-07-05,TPEX_8299,2026,zh-TW
source_mops_twse_5269_annual_report_index,5269 MOPS annual report search,mops,https://mops.twse.com.tw/mops/web/t57sb01_q1,Market Observation Post System,,2026-07-05,TWSE_5269,2026,zh-TW
source_mops_twse_5269_financial_report_index,5269 MOPS financial statement search,mops,https://mops.twse.com.tw/mops/web/t05st10_ifrs,Market Observation Post System,,2026-07-05,TWSE_5269,2026,zh-TW
source_mops_tpex_5274_annual_report_index,5274 MOPS annual report search,mops,https://mops.twse.com.tw/mops/web/t57sb01_q1,Market Observation Post System,,2026-07-05,TPEX_5274,2026,zh-TW
source_mops_tpex_5274_financial_report_index,5274 MOPS financial statement search,mops,https://mops.twse.com.tw/mops/web/t05st10_ifrs,Market Observation Post System,,2026-07-05,TPEX_5274,2026,zh-TW
source_mops_tpex_3529_annual_report_index,3529 MOPS annual report search,mops,https://mops.twse.com.tw/mops/web/t57sb01_q1,Market Observation Post System,,2026-07-05,TPEX_3529,2026,zh-TW
source_mops_tpex_3529_financial_report_index,3529 MOPS financial statement search,mops,https://mops.twse.com.tw/mops/web/t05st10_ifrs,Market Observation Post System,,2026-07-05,TPEX_3529,2026,zh-TW
source_mops_twse_2610_annual_report_index,2610 MOPS annual report search,mops,https://mops.twse.com.tw/mops/web/t57sb01_q1,Market Observation Post System,,2026-07-05,TWSE_2610,2026,zh-TW
source_mops_twse_2610_financial_report_index,2610 MOPS financial statement search,mops,https://mops.twse.com.tw/mops/web/t05st10_ifrs,Market Observation Post System,,2026-07-05,TWSE_2610,2026,zh-TW
source_mops_twse_1476_annual_report_index,1476 MOPS annual report search,mops,https://mops.twse.com.tw/mops/web/t57sb01_q1,Market Observation Post System,,2026-07-05,TWSE_1476,2026,zh-TW
source_mops_twse_1476_financial_report_index,1476 MOPS financial statement search,mops,https://mops.twse.com.tw/mops/web/t05st10_ifrs,Market Observation Post System,,2026-07-05,TWSE_1476,2026,zh-TW
source_mops_twse_9910_annual_report_index,9910 MOPS annual report search,mops,https://mops.twse.com.tw/mops/web/t57sb01_q1,Market Observation Post System,,2026-07-05,TWSE_9910,2026,zh-TW
source_mops_twse_9910_financial_report_index,9910 MOPS financial statement search,mops,https://mops.twse.com.tw/mops/web/t05st10_ifrs,Market Observation Post System,,2026-07-05,TWSE_9910,2026,zh-TW
source_mops_twse_1513_annual_report_index,1513 MOPS annual report search,mops,https://mops.twse.com.tw/mops/web/t57sb01_q1,Market Observation Post System,,2026-07-05,TWSE_1513,2026,zh-TW
source_mops_twse_1513_financial_report_index,1513 MOPS financial statement search,mops,https://mops.twse.com.tw/mops/web/t05st10_ifrs,Market Observation Post System,,2026-07-05,TWSE_1513,2026,zh-TW
source_mops_twse_3533_annual_report_index,3533 MOPS annual report search,mops,https://mops.twse.com.tw/mops/web/t57sb01_q1,Market Observation Post System,,2026-07-05,TWSE_3533,2026,zh-TW
source_mops_twse_3533_financial_report_index,3533 MOPS financial statement search,mops,https://mops.twse.com.tw/mops/web/t05st10_ifrs,Market Observation Post System,,2026-07-05,TWSE_3533,2026,zh-TW
source_mops_twse_3653_annual_report_index,3653 MOPS annual report search,mops,https://mops.twse.com.tw/mops/web/t57sb01_q1,Market Observation Post System,,2026-07-05,TWSE_3653,2026,zh-TW
source_mops_twse_3653_financial_report_index,3653 MOPS financial statement search,mops,https://mops.twse.com.tw/mops/web/t05st10_ifrs,Market Observation Post System,,2026-07-05,TWSE_3653,2026,zh-TW
source_mops_twse_6415_annual_report_index,6415 MOPS annual report search,mops,https://mops.twse.com.tw/mops/web/t57sb01_q1,Market Observation Post System,,2026-07-05,TWSE_6415,2026,zh-TW
source_mops_twse_6415_financial_report_index,6415 MOPS financial statement search,mops,https://mops.twse.com.tw/mops/web/t05st10_ifrs,Market Observation Post System,,2026-07-05,TWSE_6415,2026,zh-TW
source_mops_twse_8046_annual_report_index,8046 MOPS annual report search,mops,https://mops.twse.com.tw/mops/web/t57sb01_q1,Market Observation Post System,,2026-07-05,TWSE_8046,2026,zh-TW
source_mops_twse_8046_financial_report_index,8046 MOPS financial statement search,mops,https://mops.twse.com.tw/mops/web/t05st10_ifrs,Market Observation Post System,,2026-07-05,TWSE_8046,2026,zh-TW
source_mops_twse_3324_annual_report_index,3324 MOPS annual report search,mops,https://mops.twse.com.tw/mops/web/t57sb01_q1,Market Observation Post System,,2026-07-05,TWSE_3324,2026,zh-TW
source_mops_twse_3324_financial_report_index,3324 MOPS financial statement search,mops,https://mops.twse.com.tw/mops/web/t05st10_ifrs,Market Observation Post System,,2026-07-05,TWSE_3324,2026,zh-TW
source_mops_twse_2368_annual_report_index,2368 MOPS annual report search,mops,https://mops.twse.com.tw/mops/web/t57sb01_q1,Market Observation Post System,,2026-07-05,TWSE_2368,2026,zh-TW
source_mops_twse_2368_financial_report_index,2368 MOPS financial statement search,mops,https://mops.twse.com.tw/mops/web/t05st10_ifrs,Market Observation Post System,,2026-07-05,TWSE_2368,2026,zh-TW
source_mops_twse_3044_annual_report_index,3044 MOPS annual report search,mops,https://mops.twse.com.tw/mops/web/t57sb01_q1,Market Observation Post System,,2026-07-05,TWSE_3044,2026,zh-TW
source_mops_twse_3044_financial_report_index,3044 MOPS financial statement search,mops,https://mops.twse.com.tw/mops/web/t05st10_ifrs,Market Observation Post System,,2026-07-05,TWSE_3044,2026,zh-TW
source_mops_twse_3665_annual_report_index,3665 MOPS annual report search,mops,https://mops.twse.com.tw/mops/web/t57sb01_q1,Market Observation Post System,,2026-07-05,TWSE_3665,2026,zh-TW
source_mops_twse_3665_financial_report_index,3665 MOPS financial statement search,mops,https://mops.twse.com.tw/mops/web/t05st10_ifrs,Market Observation Post System,,2026-07-05,TWSE_3665,2026,zh-TW
source_mops_twse_3023_annual_report_index,3023 MOPS annual report search,mops,https://mops.twse.com.tw/mops/web/t57sb01_q1,Market Observation Post System,,2026-07-05,TWSE_3023,2026,zh-TW
source_mops_twse_3023_financial_report_index,3023 MOPS financial statement search,mops,https://mops.twse.com.tw/mops/web/t05st10_ifrs,Market Observation Post System,,2026-07-05,TWSE_3023,2026,zh-TW
source_mops_twse_9921_annual_report_index,9921 MOPS annual report search,mops,https://mops.twse.com.tw/mops/web/t57sb01_q1,Market Observation Post System,,2026-07-05,TWSE_9921,2026,zh-TW
source_mops_twse_9921_financial_report_index,9921 MOPS financial statement search,mops,https://mops.twse.com.tw/mops/web/t05st10_ifrs,Market Observation Post System,,2026-07-05,TWSE_9921,2026,zh-TW
source_mops_twse_2344_annual_report_index,2344 MOPS annual report search,mops,https://mops.twse.com.tw/mops/web/t57sb01_q1,Market Observation Post System,,2026-07-05,TWSE_2344,2026,zh-TW
source_mops_twse_2344_financial_report_index,2344 MOPS financial statement search,mops,https://mops.twse.com.tw/mops/web/t05st10_ifrs,Market Observation Post System,,2026-07-05,TWSE_2344,2026,zh-TW
source_mops_twse_2408_annual_report_index,2408 MOPS annual report search,mops,https://mops.twse.com.tw/mops/web/t57sb01_q1,Market Observation Post System,,2026-07-05,TWSE_2408,2026,zh-TW
source_mops_twse_2408_financial_report_index,2408 MOPS financial statement search,mops,https://mops.twse.com.tw/mops/web/t05st10_ifrs,Market Observation Post System,,2026-07-05,TWSE_2408,2026,zh-TW
source_mops_tpex_5347_annual_report_index,5347 MOPS annual report search,mops,https://mops.twse.com.tw/mops/web/t57sb01_q1,Market Observation Post System,,2026-07-05,TPEX_5347,2026,zh-TW
source_mops_tpex_5347_financial_report_index,5347 MOPS financial statement search,mops,https://mops.twse.com.tw/mops/web/t05st10_ifrs,Market Observation Post System,,2026-07-05,TPEX_5347,2026,zh-TW
source_mops_twse_6770_annual_report_index,6770 MOPS annual report search,mops,https://mops.twse.com.tw/mops/web/t57sb01_q1,Market Observation Post System,,2026-07-05,TWSE_6770,2026,zh-TW
source_mops_twse_6770_financial_report_index,6770 MOPS financial statement search,mops,https://mops.twse.com.tw/mops/web/t05st10_ifrs,Market Observation Post System,,2026-07-05,TWSE_6770,2026,zh-TW
source_mops_twse_2409_annual_report_index,2409 MOPS annual report search,mops,https://mops.twse.com.tw/mops/web/t57sb01_q1,Market Observation Post System,,2026-07-05,TWSE_2409,2026,zh-TW
source_mops_twse_2409_financial_report_index,2409 MOPS financial statement search,mops,https://mops.twse.com.tw/mops/web/t05st10_ifrs,Market Observation Post System,,2026-07-05,TWSE_2409,2026,zh-TW
source_mops_twse_3481_annual_report_index,3481 MOPS annual report search,mops,https://mops.twse.com.tw/mops/web/t57sb01_q1,Market Observation Post System,,2026-07-05,TWSE_3481,2026,zh-TW
source_mops_twse_3481_financial_report_index,3481 MOPS financial statement search,mops,https://mops.twse.com.tw/mops/web/t05st10_ifrs,Market Observation Post System,,2026-07-05,TWSE_3481,2026,zh-TW
source_mops_twse_3532_annual_report_index,3532 MOPS annual report search,mops,https://mops.twse.com.tw/mops/web/t57sb01_q1,Market Observation Post System,,2026-07-05,TWSE_3532,2026,zh-TW
source_mops_twse_3532_financial_report_index,3532 MOPS financial statement search,mops,https://mops.twse.com.tw/mops/web/t05st10_ifrs,Market Observation Post System,,2026-07-05,TWSE_3532,2026,zh-TW
source_mops_tpex_6274_annual_report_index,6274 MOPS annual report search,mops,https://mops.twse.com.tw/mops/web/t57sb01_q1,Market Observation Post System,,2026-07-05,TPEX_6274,2026,zh-TW
source_mops_tpex_6274_financial_report_index,6274 MOPS financial statement search,mops,https://mops.twse.com.tw/mops/web/t05st10_ifrs,Market Observation Post System,,2026-07-05,TPEX_6274,2026,zh-TW
source_mops_twse_2105_annual_report_index,2105 MOPS annual report search,mops,https://mops.twse.com.tw/mops/web/t57sb01_q1,Market Observation Post System,,2026-07-05,TWSE_2105,2026,zh-TW
source_mops_twse_2105_financial_report_index,2105 MOPS financial statement search,mops,https://mops.twse.com.tw/mops/web/t05st10_ifrs,Market Observation Post System,,2026-07-05,TWSE_2105,2026,zh-TW
source_mops_twse_2353_annual_report_index,2353 MOPS annual report search,mops,https://mops.twse.com.tw/mops/web/t57sb01_q1,Market Observation Post System,,2026-07-05,TWSE_2353,2026,zh-TW
source_mops_twse_2353_financial_report_index,2353 MOPS financial statement search,mops,https://mops.twse.com.tw/mops/web/t05st10_ifrs,Market Observation Post System,,2026-07-05,TWSE_2353,2026,zh-TW
source_mops_twse_2324_annual_report_index,2324 MOPS annual report search,mops,https://mops.twse.com.tw/mops/web/t57sb01_q1,Market Observation Post System,,2026-07-05,TWSE_2324,2026,zh-TW
source_mops_twse_2324_financial_report_index,2324 MOPS financial statement search,mops,https://mops.twse.com.tw/mops/web/t05st10_ifrs,Market Observation Post System,,2026-07-05,TWSE_2324,2026,zh-TW
source_mops_twse_1504_annual_report_index,1504 MOPS annual report search,mops,https://mops.twse.com.tw/mops/web/t57sb01_q1,Market Observation Post System,,2026-07-05,TWSE_1504,2026,zh-TW
source_mops_twse_1504_financial_report_index,1504 MOPS financial statement search,mops,https://mops.twse.com.tw/mops/web/t05st10_ifrs,Market Observation Post System,,2026-07-05,TWSE_1504,2026,zh-TW
source_mops_twse_1605_annual_report_index,1605 MOPS annual report search,mops,https://mops.twse.com.tw/mops/web/t57sb01_q1,Market Observation Post System,,2026-07-05,TWSE_1605,2026,zh-TW
source_mops_twse_1605_financial_report_index,1605 MOPS financial statement search,mops,https://mops.twse.com.tw/mops/web/t05st10_ifrs,Market Observation Post System,,2026-07-05,TWSE_1605,2026,zh-TW
source_mops_twse_2049_annual_report_index,2049 MOPS annual report search,mops,https://mops.twse.com.tw/mops/web/t57sb01_q1,Market Observation Post System,,2026-07-05,TWSE_2049,2026,zh-TW
source_mops_twse_2049_financial_report_index,2049 MOPS financial statement search,mops,https://mops.twse.com.tw/mops/web/t05st10_ifrs,Market Observation Post System,,2026-07-05,TWSE_2049,2026,zh-TW
source_mops_twse_1402_annual_report_index,1402 MOPS annual report search,mops,https://mops.twse.com.tw/mops/web/t57sb01_q1,Market Observation Post System,,2026-07-05,TWSE_1402,2026,zh-TW
source_mops_twse_1402_financial_report_index,1402 MOPS financial statement search,mops,https://mops.twse.com.tw/mops/web/t05st10_ifrs,Market Observation Post System,,2026-07-05,TWSE_1402,2026,zh-TW
source_mops_twse_9904_annual_report_index,9904 MOPS annual report search,mops,https://mops.twse.com.tw/mops/web/t57sb01_q1,Market Observation Post System,,2026-07-05,TWSE_9904,2026,zh-TW
source_mops_twse_9904_financial_report_index,9904 MOPS financial statement search,mops,https://mops.twse.com.tw/mops/web/t05st10_ifrs,Market Observation Post System,,2026-07-05,TWSE_9904,2026,zh-TW
source_mops_twse_8454_annual_report_index,8454 MOPS annual report search,mops,https://mops.twse.com.tw/mops/web/t57sb01_q1,Market Observation Post System,,2026-07-05,TWSE_8454,2026,zh-TW
source_mops_twse_8454_financial_report_index,8454 MOPS financial statement search,mops,https://mops.twse.com.tw/mops/web/t05st10_ifrs,Market Observation Post System,,2026-07-05,TWSE_8454,2026,zh-TW
source_mops_twse_2354_annual_report_index,2354 MOPS annual report search,mops,https://mops.twse.com.tw/mops/web/t57sb01_q1,Market Observation Post System,,2026-07-05,TWSE_2354,2026,zh-TW
source_mops_twse_2354_financial_report_index,2354 MOPS financial statement search,mops,https://mops.twse.com.tw/mops/web/t05st10_ifrs,Market Observation Post System,,2026-07-05,TWSE_2354,2026,zh-TW
source_mops_twse_2360_annual_report_index,2360 MOPS annual report search,mops,https://mops.twse.com.tw/mops/web/t57sb01_q1,Market Observation Post System,,2026-07-05,TWSE_2360,2026,zh-TW
source_mops_twse_2360_financial_report_index,2360 MOPS financial statement search,mops,https://mops.twse.com.tw/mops/web/t05st10_ifrs,Market Observation Post System,,2026-07-05,TWSE_2360,2026,zh-TW
source_mops_twse_2201_annual_report_index,2201 MOPS annual report search,mops,https://mops.twse.com.tw/mops/web/t57sb01_q1,Market Observation Post System,,2026-07-05,TWSE_2201,2026,zh-TW
source_mops_twse_2201_financial_report_index,2201 MOPS financial statement search,mops,https://mops.twse.com.tw/mops/web/t05st10_ifrs,Market Observation Post System,,2026-07-05,TWSE_2201,2026,zh-TW
source_mops_twse_9914_annual_report_index,9914 MOPS annual report search,mops,https://mops.twse.com.tw/mops/web/t57sb01_q1,Market Observation Post System,,2026-07-05,TWSE_9914,2026,zh-TW
source_mops_twse_9914_financial_report_index,9914 MOPS financial statement search,mops,https://mops.twse.com.tw/mops/web/t05st10_ifrs,Market Observation Post System,,2026-07-05,TWSE_9914,2026,zh-TW
source_mops_twse_2634_annual_report_index,2634 MOPS annual report search,mops,https://mops.twse.com.tw/mops/web/t57sb01_q1,Market Observation Post System,,2026-07-05,TWSE_2634,2026,zh-TW
source_mops_twse_2634_financial_report_index,2634 MOPS financial statement search,mops,https://mops.twse.com.tw/mops/web/t05st10_ifrs,Market Observation Post System,,2026-07-05,TWSE_2634,2026,zh-TW
source_asml_annual_reports,ASML annual reports,annual_report,https://www.asml.com/investors/annual-report,ASML,,2026-07-05,NL_ASML,2026,en-US
source_asml_financial_results,ASML financial results,financial_report,https://www.asml.com/investors/financial-results,ASML,,2026-07-05,NL_ASML,2026,en-US
source_samsung_electronics_ir,Samsung Electronics investor relations,company_website,https://www.samsung.com/global/ir/,Samsung Electronics,,2026-07-05,KR_005930,2026,en-US
source_samsung_electronics_financial_statements,Samsung Electronics financial statements,financial_report,https://www.samsung.com/global/ir/financial-information/audited-financial-statements/,Samsung Electronics,,2026-07-05,KR_005930,2026,en-US
source_skhynix_ir,SK hynix investor relations,company_website,https://www.skhynix.com/ir/UI-FR-IR01/,SK hynix,,2026-07-05,KR_000660,2026,en-US
source_skhynix_financial_statements,SK hynix financial statements,financial_report,https://www.skhynix.com/ir/UI-FR-IR07/,SK hynix,,2026-07-05,KR_000660,2026,en-US
source_sec_lly_submissions,LLY SEC submissions JSON,exchange_data,https://data.sec.gov/submissions/CIK0000059478.json,U.S. Securities and Exchange Commission,,2026-07-05,US_LLY,2026,en-US
source_sec_lly_2025_10k,Eli Lilly and Company latest SEC 10-K,annual_report,https://www.sec.gov/Archives/edgar/data/59478/000005947826000013/lly-20251231.htm,U.S. Securities and Exchange Commission,2026-02-12,2026-07-05,US_LLY,2025,en-US
source_sec_lly_2026_10q,Eli Lilly and Company latest SEC 10-Q,financial_report,https://www.sec.gov/Archives/edgar/data/59478/000005947826000045/lly-20260331.htm,U.S. Securities and Exchange Commission,2026-04-30,2026-07-05,US_LLY,2026,en-US
source_sec_unh_submissions,UNH SEC submissions JSON,exchange_data,https://data.sec.gov/submissions/CIK0000731766.json,U.S. Securities and Exchange Commission,,2026-07-05,US_UNH,2026,en-US
source_sec_unh_2025_10k,UnitedHealth Group Incorporated latest SEC 10-K,annual_report,https://www.sec.gov/Archives/edgar/data/731766/000073176626000062/unh-20251231.htm,U.S. Securities and Exchange Commission,2026-03-02,2026-07-05,US_UNH,2025,en-US
source_sec_unh_2026_10q,UnitedHealth Group Incorporated latest SEC 10-Q,financial_report,https://www.sec.gov/Archives/edgar/data/731766/000073176626000127/unh-20260331.htm,U.S. Securities and Exchange Commission,2026-05-05,2026-07-05,US_UNH,2026,en-US
source_sec_jnj_submissions,JNJ SEC submissions JSON,exchange_data,https://data.sec.gov/submissions/CIK0000200406.json,U.S. Securities and Exchange Commission,,2026-07-05,US_JNJ,2026,en-US
source_sec_jnj_2025_10k,Johnson & Johnson latest SEC 10-K,annual_report,https://www.sec.gov/Archives/edgar/data/200406/000020040626000016/jnj-20251228.htm,U.S. Securities and Exchange Commission,2026-02-11,2026-07-05,US_JNJ,2025,en-US
source_sec_jnj_2026_10q,Johnson & Johnson latest SEC 10-Q,financial_report,https://www.sec.gov/Archives/edgar/data/200406/000020040626000087/jnj-20260329.htm,U.S. Securities and Exchange Commission,2026-04-22,2026-07-05,US_JNJ,2026,en-US
source_sec_abbv_submissions,ABBV SEC submissions JSON,exchange_data,https://data.sec.gov/submissions/CIK0001551152.json,U.S. Securities and Exchange Commission,,2026-07-05,US_ABBV,2026,en-US
source_sec_abbv_2025_10k,AbbVie Inc. latest SEC 10-K,annual_report,https://www.sec.gov/Archives/edgar/data/1551152/000155115226000008/abbv-20251231.htm,U.S. Securities and Exchange Commission,2026-02-20,2026-07-05,US_ABBV,2025,en-US
source_sec_abbv_2026_10q,AbbVie Inc. latest SEC 10-Q,financial_report,https://www.sec.gov/Archives/edgar/data/1551152/000155115226000017/abbv-20260331.htm,U.S. Securities and Exchange Commission,2026-05-08,2026-07-05,US_ABBV,2026,en-US
source_sec_mrk_submissions,MRK SEC submissions JSON,exchange_data,https://data.sec.gov/submissions/CIK0000310158.json,U.S. Securities and Exchange Commission,,2026-07-05,US_MRK,2026,en-US
source_sec_mrk_2025_10k,"Merck & Co., Inc. latest SEC 10-K",annual_report,https://www.sec.gov/Archives/edgar/data/310158/000031015826000063/mrk-20251231.htm,U.S. Securities and Exchange Commission,2026-02-24,2026-07-05,US_MRK,2025,en-US
source_sec_mrk_2026_10q,"Merck & Co., Inc. latest SEC 10-Q",financial_report,https://www.sec.gov/Archives/edgar/data/310158/000162828026029802/mrk-20260331.htm,U.S. Securities and Exchange Commission,2026-05-04,2026-07-05,US_MRK,2026,en-US
source_sec_abt_submissions,ABT SEC submissions JSON,exchange_data,https://data.sec.gov/submissions/CIK0000001800.json,U.S. Securities and Exchange Commission,,2026-07-05,US_ABT,2026,en-US
source_sec_abt_2025_10k,Abbott Laboratories latest SEC 10-K,annual_report,https://www.sec.gov/Archives/edgar/data/1800/000162828026010185/abt-20251231.htm,U.S. Securities and Exchange Commission,2026-02-20,2026-07-05,US_ABT,2025,en-US
source_sec_abt_2026_10q,Abbott Laboratories latest SEC 10-Q,financial_report,https://www.sec.gov/Archives/edgar/data/1800/000162828026028357/abt-20260331.htm,U.S. Securities and Exchange Commission,2026-04-29,2026-07-05,US_ABT,2026,en-US
source_sec_tmo_submissions,TMO SEC submissions JSON,exchange_data,https://data.sec.gov/submissions/CIK0000097745.json,U.S. Securities and Exchange Commission,,2026-07-05,US_TMO,2026,en-US
source_sec_tmo_2025_10k,Thermo Fisher Scientific Inc. latest SEC 10-K,annual_report,https://www.sec.gov/Archives/edgar/data/97745/000009774526000018/tmo-20251231.htm,U.S. Securities and Exchange Commission,2026-02-26,2026-07-05,US_TMO,2025,en-US
source_sec_tmo_2026_10q,Thermo Fisher Scientific Inc. latest SEC 10-Q,financial_report,https://www.sec.gov/Archives/edgar/data/97745/000009774526000092/tmo-20260328.htm,U.S. Securities and Exchange Commission,2026-05-01,2026-07-05,US_TMO,2026,en-US
source_sec_isrg_submissions,ISRG SEC submissions JSON,exchange_data,https://data.sec.gov/submissions/CIK0001035267.json,U.S. Securities and Exchange Commission,,2026-07-05,US_ISRG,2026,en-US
source_sec_isrg_2025_10k,"Intuitive Surgical, Inc. latest SEC 10-K",annual_report,https://www.sec.gov/Archives/edgar/data/1035267/000103526726000010/isrg-20251231.htm,U.S. Securities and Exchange Commission,2026-02-03,2026-07-05,US_ISRG,2025,en-US
source_sec_isrg_2026_10q,"Intuitive Surgical, Inc. latest SEC 10-Q",financial_report,https://www.sec.gov/Archives/edgar/data/1035267/000103526726000032/isrg-20260331.htm,U.S. Securities and Exchange Commission,2026-04-22,2026-07-05,US_ISRG,2026,en-US
source_sec_xom_submissions,XOM SEC submissions JSON,exchange_data,https://data.sec.gov/submissions/CIK0000034088.json,U.S. Securities and Exchange Commission,,2026-07-05,US_XOM,2026,en-US
source_sec_xom_2025_10k,Exxon Mobil Corporation latest SEC 10-K,annual_report,https://www.sec.gov/Archives/edgar/data/34088/000003408826000045/xom-20251231.htm,U.S. Securities and Exchange Commission,2026-02-18,2026-07-05,US_XOM,2025,en-US
source_sec_xom_2026_10q,Exxon Mobil Corporation latest SEC 10-Q,financial_report,https://www.sec.gov/Archives/edgar/data/34088/000003408826000067/xom-20260331.htm,U.S. Securities and Exchange Commission,2026-05-04,2026-07-05,US_XOM,2026,en-US
source_sec_cvx_submissions,CVX SEC submissions JSON,exchange_data,https://data.sec.gov/submissions/CIK0000093410.json,U.S. Securities and Exchange Commission,,2026-07-05,US_CVX,2026,en-US
source_sec_cvx_2025_10k,Chevron Corporation latest SEC 10-K,annual_report,https://www.sec.gov/Archives/edgar/data/93410/000009341026000078/cvx-20251231.htm,U.S. Securities and Exchange Commission,2026-02-24,2026-07-05,US_CVX,2025,en-US
source_sec_cvx_2026_10q,Chevron Corporation latest SEC 10-Q,financial_report,https://www.sec.gov/Archives/edgar/data/93410/000009341026000113/cvx-20260331.htm,U.S. Securities and Exchange Commission,2026-05-07,2026-07-05,US_CVX,2026,en-US
source_sec_cop_submissions,COP SEC submissions JSON,exchange_data,https://data.sec.gov/submissions/CIK0001163165.json,U.S. Securities and Exchange Commission,,2026-07-05,US_COP,2026,en-US
source_sec_cop_2025_10k,ConocoPhillips latest SEC 10-K,annual_report,https://www.sec.gov/Archives/edgar/data/1163165/000116316526000009/cop-20251231.htm,U.S. Securities and Exchange Commission,2026-02-17,2026-07-05,US_COP,2025,en-US
source_sec_cop_2026_10q,ConocoPhillips latest SEC 10-Q,financial_report,https://www.sec.gov/Archives/edgar/data/1163165/000116316526000018/cop-20260331.htm,U.S. Securities and Exchange Commission,2026-04-30,2026-07-05,US_COP,2026,en-US
source_sec_slb_submissions,SLB SEC submissions JSON,exchange_data,https://data.sec.gov/submissions/CIK0000087347.json,U.S. Securities and Exchange Commission,,2026-07-05,US_SLB,2026,en-US
source_sec_slb_2025_10k,Schlumberger Limited latest SEC 10-K,annual_report,https://www.sec.gov/Archives/edgar/data/87347/000119312526021017/slb-20251231.htm,U.S. Securities and Exchange Commission,2026-01-23,2026-07-05,US_SLB,2025,en-US
source_sec_slb_2026_10q,Schlumberger Limited latest SEC 10-Q,financial_report,https://www.sec.gov/Archives/edgar/data/87347/000119312526190101/slb-20260331.htm,U.S. Securities and Exchange Commission,2026-04-29,2026-07-05,US_SLB,2026,en-US
source_sec_cost_submissions,COST SEC submissions JSON,exchange_data,https://data.sec.gov/submissions/CIK0000909832.json,U.S. Securities and Exchange Commission,,2026-07-05,US_COST,2026,en-US
source_sec_cost_2025_10k,Costco Wholesale Corporation latest SEC 10-K,annual_report,https://www.sec.gov/Archives/edgar/data/909832/000090983225000101/cost-20250831.htm,U.S. Securities and Exchange Commission,2025-10-08,2026-07-05,US_COST,2025,en-US
source_sec_cost_2026_10q,Costco Wholesale Corporation latest SEC 10-Q,financial_report,https://www.sec.gov/Archives/edgar/data/909832/000090983226000051/cost-20260510.htm,U.S. Securities and Exchange Commission,2026-06-03,2026-07-05,US_COST,2026,en-US
source_sec_hd_submissions,HD SEC submissions JSON,exchange_data,https://data.sec.gov/submissions/CIK0000354950.json,U.S. Securities and Exchange Commission,,2026-07-05,US_HD,2026,en-US
source_sec_hd_2026_10k,"The Home Depot, Inc. latest SEC 10-K",annual_report,https://www.sec.gov/Archives/edgar/data/354950/000162828026019436/hd-20260201.htm,U.S. Securities and Exchange Commission,2026-03-18,2026-07-05,US_HD,2026,en-US
source_sec_hd_2026_10q,"The Home Depot, Inc. latest SEC 10-Q",financial_report,https://www.sec.gov/Archives/edgar/data/354950/000162828026038247/hd-20260503.htm,U.S. Securities and Exchange Commission,2026-05-27,2026-07-05,US_HD,2026,en-US
source_sec_mcd_submissions,MCD SEC submissions JSON,exchange_data,https://data.sec.gov/submissions/CIK0000063908.json,U.S. Securities and Exchange Commission,,2026-07-05,US_MCD,2026,en-US
source_sec_mcd_2025_10k,McDonald's Corporation latest SEC 10-K,annual_report,https://www.sec.gov/Archives/edgar/data/63908/000006390826000035/mcd-20251231.htm,U.S. Securities and Exchange Commission,2026-02-24,2026-07-05,US_MCD,2025,en-US
source_sec_mcd_2026_10q,McDonald's Corporation latest SEC 10-Q,financial_report,https://www.sec.gov/Archives/edgar/data/63908/000006390826000051/mcd-20260331.htm,U.S. Securities and Exchange Commission,2026-05-07,2026-07-05,US_MCD,2026,en-US
source_sec_sbux_submissions,SBUX SEC submissions JSON,exchange_data,https://data.sec.gov/submissions/CIK0000829224.json,U.S. Securities and Exchange Commission,,2026-07-05,US_SBUX,2026,en-US
source_sec_sbux_2025_10k,Starbucks Corporation latest SEC 10-K,annual_report,https://www.sec.gov/Archives/edgar/data/829224/000082922425000114/sbux-20250928.htm,U.S. Securities and Exchange Commission,2025-11-14,2026-07-05,US_SBUX,2025,en-US
source_sec_sbux_2026_10q,Starbucks Corporation latest SEC 10-Q,financial_report,https://www.sec.gov/Archives/edgar/data/829224/000082922426000080/sbux-20260329.htm,U.S. Securities and Exchange Commission,2026-04-28,2026-07-05,US_SBUX,2026,en-US
source_sec_ko_submissions,KO SEC submissions JSON,exchange_data,https://data.sec.gov/submissions/CIK0000021344.json,U.S. Securities and Exchange Commission,,2026-07-05,US_KO,2026,en-US
source_sec_ko_2025_10k,The Coca-Cola Company latest SEC 10-K,annual_report,https://www.sec.gov/Archives/edgar/data/21344/000162828026010047/ko-20251231.htm,U.S. Securities and Exchange Commission,2026-02-20,2026-07-05,US_KO,2025,en-US
source_sec_ko_2026_10q,The Coca-Cola Company latest SEC 10-Q,financial_report,https://www.sec.gov/Archives/edgar/data/21344/000162828026028802/ko-20260403.htm,U.S. Securities and Exchange Commission,2026-04-30,2026-07-05,US_KO,2026,en-US
source_sec_pep_submissions,PEP SEC submissions JSON,exchange_data,https://data.sec.gov/submissions/CIK0000077476.json,U.S. Securities and Exchange Commission,,2026-07-05,US_PEP,2026,en-US
source_sec_pep_2025_10k,"PepsiCo, Inc. latest SEC 10-K",annual_report,https://www.sec.gov/Archives/edgar/data/77476/000007747626000007/pep-20251227.htm,U.S. Securities and Exchange Commission,2026-02-03,2026-07-05,US_PEP,2025,en-US
source_sec_pep_2026_10q,"PepsiCo, Inc. latest SEC 10-Q",financial_report,https://www.sec.gov/Archives/edgar/data/77476/000007747626000017/pep-20260321.htm,U.S. Securities and Exchange Commission,2026-04-16,2026-07-05,US_PEP,2026,en-US
source_sec_pg_submissions,PG SEC submissions JSON,exchange_data,https://data.sec.gov/submissions/CIK0000080424.json,U.S. Securities and Exchange Commission,,2026-07-05,US_PG,2026,en-US
source_sec_pg_2025_10k,The Procter & Gamble Company latest SEC 10-K,annual_report,https://www.sec.gov/Archives/edgar/data/80424/000008042425000076/pg-20250630.htm,U.S. Securities and Exchange Commission,2025-08-04,2026-07-05,US_PG,2025,en-US
source_sec_pg_2026_10q,The Procter & Gamble Company latest SEC 10-Q,financial_report,https://www.sec.gov/Archives/edgar/data/80424/000008042426000060/pg-20260331.htm,U.S. Securities and Exchange Commission,2026-04-24,2026-07-05,US_PG,2026,en-US
source_sec_bac_submissions,BAC SEC submissions JSON,exchange_data,https://data.sec.gov/submissions/CIK0000070858.json,U.S. Securities and Exchange Commission,,2026-07-05,US_BAC,2026,en-US
source_sec_bac_2025_10k,Bank of America Corporation latest SEC 10-K,annual_report,https://www.sec.gov/Archives/edgar/data/70858/000007085826000157/bac-20251231.htm,U.S. Securities and Exchange Commission,2026-02-25,2026-07-05,US_BAC,2025,en-US
source_sec_bac_2026_10q,Bank of America Corporation latest SEC 10-Q,financial_report,https://www.sec.gov/Archives/edgar/data/70858/000007085826000249/bac-20260331.htm,U.S. Securities and Exchange Commission,2026-05-01,2026-07-05,US_BAC,2026,en-US
source_sec_wfc_submissions,WFC SEC submissions JSON,exchange_data,https://data.sec.gov/submissions/CIK0000072971.json,U.S. Securities and Exchange Commission,,2026-07-05,US_WFC,2026,en-US
source_sec_wfc_2025_10k,Wells Fargo & Company latest SEC 10-K,annual_report,https://www.sec.gov/Archives/edgar/data/72971/000007297126000133/wfc-20251231_d2.htm,U.S. Securities and Exchange Commission,2026-02-24,2026-07-05,US_WFC,2025,en-US
source_sec_wfc_2026_10q,Wells Fargo & Company latest SEC 10-Q,financial_report,https://www.sec.gov/Archives/edgar/data/72971/000007297126000217/wfc-20260331.htm,U.S. Securities and Exchange Commission,2026-04-29,2026-07-05,US_WFC,2026,en-US
source_sec_gs_submissions,GS SEC submissions JSON,exchange_data,https://data.sec.gov/submissions/CIK0000886982.json,U.S. Securities and Exchange Commission,,2026-07-05,US_GS,2026,en-US
source_sec_gs_2025_10k,"The Goldman Sachs Group, Inc. latest SEC 10-K",annual_report,https://www.sec.gov/Archives/edgar/data/886982/000088698226000091/gs-20251231.htm,U.S. Securities and Exchange Commission,2026-02-25,2026-07-05,US_GS,2025,en-US
source_sec_gs_2026_10q,"The Goldman Sachs Group, Inc. latest SEC 10-Q",financial_report,https://www.sec.gov/Archives/edgar/data/886982/000088698226000118/gs-20260331.htm,U.S. Securities and Exchange Commission,2026-05-01,2026-07-05,US_GS,2026,en-US
source_sec_ms_submissions,MS SEC submissions JSON,exchange_data,https://data.sec.gov/submissions/CIK0000895421.json,U.S. Securities and Exchange Commission,,2026-07-05,US_MS,2026,en-US
source_sec_ms_2025_10k,Morgan Stanley latest SEC 10-K,annual_report,https://www.sec.gov/Archives/edgar/data/895421/000089542126000086/ms-20251231.htm,U.S. Securities and Exchange Commission,2026-02-19,2026-07-05,US_MS,2025,en-US
source_sec_ms_2026_10q,Morgan Stanley latest SEC 10-Q,financial_report,https://www.sec.gov/Archives/edgar/data/895421/000089542126000121/ms-20260331.htm,U.S. Securities and Exchange Commission,2026-05-05,2026-07-05,US_MS,2026,en-US
source_sec_blk_submissions,BLK SEC submissions JSON,exchange_data,https://data.sec.gov/submissions/CIK0002012383.json,U.S. Securities and Exchange Commission,,2026-07-05,US_BLK,2026,en-US
source_sec_blk_2025_10k,"BlackRock, Inc. latest SEC 10-K",annual_report,https://www.sec.gov/Archives/edgar/data/2012383/000119312526071966/blk-20251231.htm,U.S. Securities and Exchange Commission,2026-02-25,2026-07-05,US_BLK,2025,en-US
source_sec_blk_2026_10q,"BlackRock, Inc. latest SEC 10-Q",financial_report,https://www.sec.gov/Archives/edgar/data/2012383/000119312526208766/blk-20260331.htm,U.S. Securities and Exchange Commission,2026-05-06,2026-07-05,US_BLK,2026,en-US
source_sec_spgi_submissions,SPGI SEC submissions JSON,exchange_data,https://data.sec.gov/submissions/CIK0000064040.json,U.S. Securities and Exchange Commission,,2026-07-05,US_SPGI,2026,en-US
source_sec_spgi_2025_10k,S&P Global Inc. latest SEC 10-K,annual_report,https://www.sec.gov/Archives/edgar/data/64040/000006404026000013/spgi-20251231.htm,U.S. Securities and Exchange Commission,2026-02-11,2026-07-05,US_SPGI,2025,en-US
source_sec_spgi_2026_10q,S&P Global Inc. latest SEC 10-Q,financial_report,https://www.sec.gov/Archives/edgar/data/64040/000006404026000024/spgi-20260331.htm,U.S. Securities and Exchange Commission,2026-04-28,2026-07-05,US_SPGI,2026,en-US
source_sec_ge_submissions,GE SEC submissions JSON,exchange_data,https://data.sec.gov/submissions/CIK0000040545.json,U.S. Securities and Exchange Commission,,2026-07-05,US_GE,2026,en-US
source_sec_ge_2025_10k,GE Aerospace latest SEC 10-K,annual_report,https://www.sec.gov/Archives/edgar/data/40545/000004054526000008/ge-20251231.htm,U.S. Securities and Exchange Commission,2026-01-29,2026-07-05,US_GE,2025,en-US
source_sec_ge_2026_10q,GE Aerospace latest SEC 10-Q,financial_report,https://www.sec.gov/Archives/edgar/data/40545/000004054526000027/ge-20260331.htm,U.S. Securities and Exchange Commission,2026-04-21,2026-07-05,US_GE,2026,en-US
source_sec_cat_submissions,CAT SEC submissions JSON,exchange_data,https://data.sec.gov/submissions/CIK0000018230.json,U.S. Securities and Exchange Commission,,2026-07-05,US_CAT,2026,en-US
source_sec_cat_2025_10k,Caterpillar Inc. latest SEC 10-K,annual_report,https://www.sec.gov/Archives/edgar/data/18230/000001823026000008/cat-20251231.htm,U.S. Securities and Exchange Commission,2026-02-13,2026-07-05,US_CAT,2025,en-US
source_sec_cat_2026_10q,Caterpillar Inc. latest SEC 10-Q,financial_report,https://www.sec.gov/Archives/edgar/data/18230/000001823026000021/cat-20260331.htm,U.S. Securities and Exchange Commission,2026-05-06,2026-07-05,US_CAT,2026,en-US
source_sec_rtx_submissions,RTX SEC submissions JSON,exchange_data,https://data.sec.gov/submissions/CIK0000101829.json,U.S. Securities and Exchange Commission,,2026-07-05,US_RTX,2026,en-US
source_sec_rtx_2025_10k,RTX Corporation latest SEC 10-K,annual_report,https://www.sec.gov/Archives/edgar/data/101829/000010182926000006/rtx-20251231.htm,U.S. Securities and Exchange Commission,2026-02-06,2026-07-05,US_RTX,2025,en-US
source_sec_rtx_2026_10q,RTX Corporation latest SEC 10-Q,financial_report,https://www.sec.gov/Archives/edgar/data/101829/000010182926000011/rtx-20260331.htm,U.S. Securities and Exchange Commission,2026-04-21,2026-07-05,US_RTX,2026,en-US
source_sec_hon_submissions,HON SEC submissions JSON,exchange_data,https://data.sec.gov/submissions/CIK0000773840.json,U.S. Securities and Exchange Commission,,2026-07-05,US_HON,2026,en-US
source_sec_hon_2025_10k,Honeywell International Inc. latest SEC 10-K,annual_report,https://www.sec.gov/Archives/edgar/data/773840/000077384026000013/hon-20251231.htm,U.S. Securities and Exchange Commission,2026-02-17,2026-07-05,US_HON,2025,en-US
source_sec_hon_2026_10q,Honeywell International Inc. latest SEC 10-Q,financial_report,https://www.sec.gov/Archives/edgar/data/773840/000077384026000057/hon-20260331.htm,U.S. Securities and Exchange Commission,2026-04-23,2026-07-05,US_HON,2026,en-US
source_sec_de_submissions,DE SEC submissions JSON,exchange_data,https://data.sec.gov/submissions/CIK0000315189.json,U.S. Securities and Exchange Commission,,2026-07-05,US_DE,2026,en-US
source_sec_de_2025_10k,Deere & Company latest SEC 10-K,annual_report,https://www.sec.gov/Archives/edgar/data/315189/000110465925122321/de-20251102x10k.htm,U.S. Securities and Exchange Commission,2025-12-18,2026-07-05,US_DE,2025,en-US
source_sec_de_2026_10q,Deere & Company latest SEC 10-Q,financial_report,https://www.sec.gov/Archives/edgar/data/315189/000110465926067311/de-20260503x10q.htm,U.S. Securities and Exchange Commission,2026-05-28,2026-07-05,US_DE,2026,en-US
source_sec_ups_submissions,UPS SEC submissions JSON,exchange_data,https://data.sec.gov/submissions/CIK0001090727.json,U.S. Securities and Exchange Commission,,2026-07-05,US_UPS,2026,en-US
source_sec_ups_2025_10k,"United Parcel Service, Inc. latest SEC 10-K",annual_report,https://www.sec.gov/Archives/edgar/data/1090727/000162828026008432/ups-20251231.htm,U.S. Securities and Exchange Commission,2026-02-17,2026-07-05,US_UPS,2025,en-US
source_sec_ups_2026_10q,"United Parcel Service, Inc. latest SEC 10-Q",financial_report,https://www.sec.gov/Archives/edgar/data/1090727/000162828026031154/ups-20260331.htm,U.S. Securities and Exchange Commission,2026-05-06,2026-07-05,US_UPS,2026,en-US
source_sec_unp_submissions,UNP SEC submissions JSON,exchange_data,https://data.sec.gov/submissions/CIK0000100885.json,U.S. Securities and Exchange Commission,,2026-07-05,US_UNP,2026,en-US
source_sec_unp_2025_10k,Union Pacific Corporation latest SEC 10-K,annual_report,https://www.sec.gov/Archives/edgar/data/100885/000010088526000037/unp-20251231.htm,U.S. Securities and Exchange Commission,2026-02-06,2026-07-05,US_UNP,2025,en-US
source_sec_unp_2026_10q,Union Pacific Corporation latest SEC 10-Q,financial_report,https://www.sec.gov/Archives/edgar/data/100885/000010088526000155/unp-20260331.htm,U.S. Securities and Exchange Commission,2026-04-23,2026-07-05,US_UNP,2026,en-US
source_sec_klac_submissions,KLAC SEC submissions JSON,exchange_data,https://data.sec.gov/submissions/CIK0000319201.json,U.S. Securities and Exchange Commission,,2026-07-05,US_KLAC,2026,en-US
source_sec_klac_2025_10k,KLA Corporation latest SEC 10-K,annual_report,https://www.sec.gov/Archives/edgar/data/319201/000031920125000024/klac-20250630.htm,U.S. Securities and Exchange Commission,2025-08-08,2026-07-05,US_KLAC,2025,en-US
source_sec_klac_2026_10q,KLA Corporation latest SEC 10-Q,financial_report,https://www.sec.gov/Archives/edgar/data/319201/000031920126000016/klac-20260331.htm,U.S. Securities and Exchange Commission,2026-04-30,2026-07-05,US_KLAC,2026,en-US
source_sec_adi_submissions,ADI SEC submissions JSON,exchange_data,https://data.sec.gov/submissions/CIK0000006281.json,U.S. Securities and Exchange Commission,,2026-07-05,US_ADI,2026,en-US
source_sec_adi_2025_10k,"Analog Devices, Inc. latest SEC 10-K",annual_report,https://www.sec.gov/Archives/edgar/data/6281/000000628125000153/adi-20251101.htm,U.S. Securities and Exchange Commission,2025-11-25,2026-07-05,US_ADI,2025,en-US
source_sec_adi_2026_10q,"Analog Devices, Inc. latest SEC 10-Q",financial_report,https://www.sec.gov/Archives/edgar/data/6281/000000628126000052/adi-20260502.htm,U.S. Securities and Exchange Commission,2026-05-20,2026-07-05,US_ADI,2026,en-US
source_sec_mrvl_submissions,MRVL SEC submissions JSON,exchange_data,https://data.sec.gov/submissions/CIK0001835632.json,U.S. Securities and Exchange Commission,,2026-07-05,US_MRVL,2026,en-US
source_sec_mrvl_2026_10k,"Marvell Technology, Inc. latest SEC 10-K",annual_report,https://www.sec.gov/Archives/edgar/data/1835632/000183563226000011/mrvl-20260131.htm,U.S. Securities and Exchange Commission,2026-03-11,2026-07-05,US_MRVL,2026,en-US
source_sec_mrvl_2026_10q,"Marvell Technology, Inc. latest SEC 10-Q",financial_report,https://www.sec.gov/Archives/edgar/data/1835632/000183563226000019/mrvl-20260502.htm,U.S. Securities and Exchange Commission,2026-05-28,2026-07-05,US_MRVL,2026,en-US
source_sec_mchp_submissions,MCHP SEC submissions JSON,exchange_data,https://data.sec.gov/submissions/CIK0000827054.json,U.S. Securities and Exchange Commission,,2026-07-05,US_MCHP,2026,en-US
source_sec_mchp_2026_10k,Microchip Technology Incorporated latest SEC 10-K,annual_report,https://www.sec.gov/Archives/edgar/data/827054/000082705426000016/mchp-20260331.htm,U.S. Securities and Exchange Commission,2026-05-21,2026-07-05,US_MCHP,2026,en-US
source_sec_mchp_2025_10q,Microchip Technology Incorporated latest SEC 10-Q,financial_report,https://www.sec.gov/Archives/edgar/data/827054/000082705426000009/mchp-20251231.htm,U.S. Securities and Exchange Commission,2026-02-05,2026-07-05,US_MCHP,2025,en-US
source_sec_pltr_submissions,PLTR SEC submissions JSON,exchange_data,https://data.sec.gov/submissions/CIK0001321655.json,U.S. Securities and Exchange Commission,,2026-07-05,US_PLTR,2026,en-US
source_sec_pltr_2025_10k,Palantir Technologies Inc. latest SEC 10-K,annual_report,https://www.sec.gov/Archives/edgar/data/1321655/000132165526000011/pltr-20251231.htm,U.S. Securities and Exchange Commission,2026-02-17,2026-07-05,US_PLTR,2025,en-US
source_sec_pltr_2026_10q,Palantir Technologies Inc. latest SEC 10-Q,financial_report,https://www.sec.gov/Archives/edgar/data/1321655/000132165526000028/pltr-20260331.htm,U.S. Securities and Exchange Commission,2026-05-05,2026-07-05,US_PLTR,2026,en-US
source_sec_snow_submissions,SNOW SEC submissions JSON,exchange_data,https://data.sec.gov/submissions/CIK0001640147.json,U.S. Securities and Exchange Commission,,2026-07-05,US_SNOW,2026,en-US
source_sec_snow_2026_10k,Snowflake Inc. latest SEC 10-K,annual_report,https://www.sec.gov/Archives/edgar/data/1640147/000164014726000008/snow-20260131.htm,U.S. Securities and Exchange Commission,2026-03-20,2026-07-05,US_SNOW,2026,en-US
source_sec_snow_2026_10q,Snowflake Inc. latest SEC 10-Q,financial_report,https://www.sec.gov/Archives/edgar/data/1640147/000164014726000030/snow-20260430.htm,U.S. Securities and Exchange Commission,2026-05-29,2026-07-05,US_SNOW,2026,en-US
