id,from_id,to_id,type,description,product_id,confidence,status,value,unit,value_type,period,valid_from,valid_to,source_ids,note
rel_delta_2025_produces_ai_power_supply,TWSE_2308,ai_power_supply,PRODUCES,Delta reports AI power supply solutions for AI data center power demand,ai_power_supply,0.90,candidate,,,reported,2025,,,source_delta_2025_chairman_statement,created_by=llm_extraction
rel_delta_2025_produces_data_center_power_solution,TWSE_2308,data_center_power_solution,PRODUCES,Delta reports data center power solutions including high-voltage DC power architecture,data_center_power_solution,0.90,candidate,,,reported,2025,,,source_delta_2025_chairman_statement,created_by=llm_extraction
rel_delta_2025_produces_high_voltage_dc_power,TWSE_2308,high_voltage_dc_power,PRODUCES,Delta reports high-voltage DC power architecture including 800VDC and 400VDC,data_center_power_solution,0.85,candidate,,,reported,2025,,,source_delta_2025_chairman_statement,created_by=llm_extraction
rel_delta_2025_produces_dc_dc_power_module,TWSE_2308,dc_dc_power_module,PRODUCES,Delta reports DC/DC power modules for AI server rack power delivery,dc_dc_power_module,0.90,candidate,,,reported,2025,,,source_delta_2025_chairman_statement,created_by=llm_extraction
rel_delta_2025_produces_power_distribution_module,TWSE_2308,power_distribution_module,PRODUCES,Delta reports power distribution modules for data center power conversion and distribution,power_distribution_module,0.85,candidate,,,reported,2025,,,source_delta_2025_chairman_statement,created_by=llm_extraction
rel_delta_2025_produces_in_row_power_rack,TWSE_2308,in_row_power_rack,PRODUCES,Delta reports a 1.1MW in-row power rack for high-density AI server deployments,in_row_power_rack,0.90,candidate,,,reported,2025,,,source_delta_2025_chairman_statement,created_by=llm_extraction
rel_delta_2025_produces_rack_power_supply,TWSE_2308,rack_power_supply,PRODUCES,Delta reports rack power supplies including 90kW DC/DC and 106kW AC/DC rack units,rack_power_supply,0.90,candidate,,,reported,2025,,,source_delta_2025_chairman_statement,created_by=llm_extraction
rel_delta_2025_produces_power_capacitor_system,TWSE_2308,power_capacitor_system,PRODUCES,Delta reports power capacitor systems for rack-level power stability,power_capacitor_system,0.85,candidate,,,reported,2025,,,source_delta_2025_chairman_statement,created_by=llm_extraction
rel_delta_2025_produces_liquid_cooling_solution,TWSE_2308,liquid_cooling,PRODUCES,Delta reports liquid cooling solutions for high-performance AI data center thermal demand,liquid_cooling,0.90,candidate,,,reported,2025,,,source_delta_2025_chairman_statement,created_by=llm_extraction; reused existing liquid_cooling node
rel_delta_2025_produces_cold_plate,TWSE_2308,cold_plate,PRODUCES,Delta reports cold plate modules for liquid cooling systems,cold_plate,0.85,candidate,,,reported,2025,,,source_delta_2025_chairman_statement,created_by=llm_extraction
rel_delta_2025_produces_cdu,TWSE_2308,coolant_distribution_unit,PRODUCES,Delta reports coolant distribution units for liquid cooling systems,coolant_distribution_unit,0.85,candidate,,,reported,2025,,,source_delta_2025_chairman_statement,created_by=llm_extraction
rel_delta_2025_produces_dc_pump,TWSE_2308,dc_pump,PRODUCES,Delta reports DC pumps for liquid cooling systems,dc_pump,0.80,candidate,,,reported,2025,,,source_delta_2025_chairman_statement,created_by=llm_extraction
rel_delta_2025_produces_tlvr_inductor,TWSE_2308,tlvr_inductor,PRODUCES,Delta reports TLVR inductors for high-current power delivery,tlvr_inductor,0.85,candidate,,,reported,2025,,,source_delta_2025_chairman_statement,created_by=llm_extraction
rel_ai_datacenter_2025_drives_demand_ai_power_supply,ai_datacenter,ai_power_supply,DRIVES_DEMAND_FOR,AI data center growth drives demand for AI power supply products,ai_power_supply,0.75,candidate,,,inferred,2025,,,source_delta_2025_chairman_statement,created_by=llm_extraction
rel_ai_datacenter_2025_drives_demand_liquid_cooling,ai_datacenter,liquid_cooling,DRIVES_DEMAND_FOR,AI GPU and CPU power density drives demand for liquid cooling solutions,liquid_cooling,0.75,candidate,,,inferred,2025,,,source_delta_2025_chairman_statement,created_by=llm_extraction; reused existing liquid_cooling node
rel_high_voltage_dc_power_component_of_data_center_power_solution,high_voltage_dc_power,data_center_power_solution,COMPONENT_OF,High-voltage DC power is a component of Delta data center power solutions,,0.70,candidate,,,inferred,2025,,,source_delta_2025_chairman_statement,created_by=llm_extraction
rel_power_distribution_module_component_of_data_center_power_solution,power_distribution_module,data_center_power_solution,COMPONENT_OF,Power distribution modules are components of Delta data center power solutions,,0.70,candidate,,,inferred,2025,,,source_delta_2025_chairman_statement,created_by=llm_extraction
rel_cold_plate_component_of_liquid_cooling_solution,cold_plate,liquid_cooling,COMPONENT_OF,Cold plates are components of liquid cooling solutions,,0.75,candidate,,,inferred,2025,,,source_delta_2025_chairman_statement,created_by=llm_extraction; reused existing liquid_cooling node
rel_cdu_component_of_liquid_cooling_solution,coolant_distribution_unit,liquid_cooling,COMPONENT_OF,Coolant distribution units are components of liquid cooling solutions,,0.75,candidate,,,inferred,2025,,,source_delta_2025_chairman_statement,created_by=llm_extraction; reused existing liquid_cooling node
rel_0001,TWSE_2330,US_NVDA,MANUFACTURES_FOR,台積電為 NVIDIA 代工先進製程 AI GPU,ai_gpu,0.95,verified,,,unknown,2026,,,source_manual_seed_v0,
rel_0002,US_NVDA,ai_gpu,PRODUCES,NVIDIA 設計並銷售 AI GPU,,0.95,verified,,,unknown,2026,,,source_manual_seed_v0,
rel_0003,ai_gpu,ai_server,COMPONENT_OF,AI GPU 是 AI Server 的核心組件,,0.95,verified,,,unknown,2026,,,source_manual_seed_v0,
rel_0004,ai_server,ai_datacenter,USED_IN,AI Server 用於 AI 資料中心,,0.90,verified,,,unknown,2026,,,source_manual_seed_v0,
rel_0005,ai_datacenter,ai_server,DRIVES_DEMAND_FOR,AI 資料中心建置驅動 AI Server 需求,,0.90,verified,,,unknown,2026,,,source_manual_seed_v0,
rel_0006,TWSE_2330,semiconductor_foundry,BELONGS_TO,台積電屬於晶圓代工產業,,1.0,verified,,,unknown,,,,source_manual_seed_v0,
rel_0007,TWSE_2454,ic_design,BELONGS_TO,聯發科屬於 IC 設計產業,,1.0,verified,,,unknown,,,,source_manual_seed_v1,
rel_0008,TWSE_3034,ic_design,BELONGS_TO,聯詠屬於 IC 設計產業,,1.0,verified,,,unknown,,,,source_manual_seed_v1,
rel_0009,TWSE_2379,ic_design,BELONGS_TO,瑞昱屬於 IC 設計產業,,1.0,verified,,,unknown,,,,source_manual_seed_v1,
rel_0010,TWSE_3711,osat,BELONGS_TO,日月光投控屬於封裝測試產業,,1.0,verified,,,unknown,,,,source_manual_seed_v1,
rel_0011,TWSE_2317,ems,BELONGS_TO,鴻海屬於 EMS 電子代工產業,,1.0,verified,,,unknown,,,,source_manual_seed_v1,
rel_0012,TWSE_2382,server_odm,BELONGS_TO,廣達屬於伺服器 ODM 產業,,1.0,verified,,,unknown,,,,source_manual_seed_v1,
rel_0013,TWSE_3231,server_odm,BELONGS_TO,緯創屬於伺服器 ODM 產業,,1.0,verified,,,unknown,,,,source_manual_seed_v1,
rel_0014,TWSE_2356,server_odm,BELONGS_TO,英業達屬於伺服器 ODM 產業,,1.0,verified,,,unknown,,,,source_manual_seed_v1,
rel_0015,TWSE_2308,power_supply_industry,BELONGS_TO,台達電屬於電源供應器產業,,1.0,verified,,,unknown,,,,source_manual_seed_v1,
rel_0016,TWSE_2368,pcb_industry,BELONGS_TO,金像電屬於 PCB 產業,,1.0,verified,,,unknown,,,,source_manual_seed_v1,
rel_0017,TWSE_3044,pcb_industry,BELONGS_TO,健鼎屬於 PCB 產業,,1.0,verified,,,unknown,,,,source_manual_seed_v1,
rel_0018,TWSE_3017,thermal_industry,BELONGS_TO,奇鋐屬於散熱產業,,1.0,verified,,,unknown,,,,source_manual_seed_v1,
rel_0019,TWSE_3324,thermal_industry,BELONGS_TO,雙鴻屬於散熱產業,,1.0,verified,,,unknown,,,,source_manual_seed_v1,
rel_0020,TWSE_3023,connector_industry,BELONGS_TO,信邦屬於連接器與線束產業,,1.0,verified,,,unknown,,,,source_manual_seed_v1,
rel_0021,TWSE_3665,connector_industry,BELONGS_TO,貿聯-KY 屬於連接器與線束產業,,1.0,verified,,,unknown,,,,source_manual_seed_v1,
rel_0022,TWSE_2344,memory_industry,BELONGS_TO,華邦電屬於記憶體產業,,1.0,verified,,,unknown,,,,source_manual_seed_v1,
rel_0023,TWSE_2408,memory_industry,BELONGS_TO,南亞科屬於記憶體產業,,1.0,verified,,,unknown,,,,source_manual_seed_v1,
rel_0024,TPEX_5347,semiconductor_foundry,BELONGS_TO,世界先進屬於晶圓代工產業,,1.0,verified,,,unknown,,,,source_manual_seed_v1,
rel_0025,TWSE_6770,semiconductor_foundry,BELONGS_TO,力積電屬於晶圓代工產業,,1.0,verified,,,unknown,,,,source_manual_seed_v1,
rel_0026,US_NVDA,ic_design,BELONGS_TO,NVIDIA 屬於 IC 設計產業,,1.0,verified,,,unknown,,,,source_manual_seed_v1,
rel_0027,US_AMD,ic_design,BELONGS_TO,AMD 屬於 IC 設計產業,,1.0,verified,,,unknown,,,,source_manual_seed_v1,
rel_0028,US_AAPL,consumer_brand,BELONGS_TO,Apple 屬於消費電子品牌,,1.0,verified,,,unknown,,,,source_manual_seed_v1,
rel_0029,NL_ASML,semiconductor_equipment,BELONGS_TO,ASML 屬於半導體設備產業,,1.0,verified,,,unknown,,,,source_manual_seed_v1,
rel_0030,KR_005930,memory_industry,BELONGS_TO,Samsung 屬於記憶體產業,,0.9,verified,,,unknown,,,,source_manual_seed_v1,Samsung 亦有晶圓代工與品牌事業
rel_0031,KR_000660,memory_industry,BELONGS_TO,SK Hynix 屬於記憶體產業,,1.0,verified,,,unknown,,,,source_manual_seed_v1,
rel_0032,US_MU,memory_industry,BELONGS_TO,Micron 屬於記憶體產業,,1.0,verified,,,unknown,,,,source_manual_seed_v1,
rel_0033,semiconductor_foundry,semiconductor,BELONGS_TO,晶圓代工屬於半導體產業,,1.0,verified,,,unknown,,,,source_manual_seed_v1,
rel_0034,ic_design,semiconductor,BELONGS_TO,IC 設計屬於半導體產業,,1.0,verified,,,unknown,,,,source_manual_seed_v1,
rel_0035,osat,semiconductor,BELONGS_TO,封裝測試屬於半導體產業,,1.0,verified,,,unknown,,,,source_manual_seed_v1,
rel_0036,memory_industry,semiconductor,BELONGS_TO,記憶體屬於半導體產業,,1.0,verified,,,unknown,,,,source_manual_seed_v1,
rel_0037,semiconductor_equipment,semiconductor,BELONGS_TO,半導體設備屬於半導體產業,,1.0,verified,,,unknown,,,,source_manual_seed_v1,
rel_0038,TWSE_2330,wafer_foundry_service,PRODUCES,台積電提供先進製程晶圓代工服務,,0.95,verified,,,unknown,2026,,,source_manual_seed_v1,
rel_0039,TWSE_2330,cowos,PRODUCES,台積電提供 CoWoS 先進封裝服務,,0.95,verified,,,unknown,2026,,,source_manual_seed_v1,
rel_0040,TPEX_5347,mature_foundry_service,PRODUCES,世界先進提供成熟製程晶圓代工,,0.9,verified,,,unknown,2026,,,source_manual_seed_v1,
rel_0041,TWSE_6770,mature_foundry_service,PRODUCES,力積電提供成熟製程與記憶體代工,,0.9,verified,,,unknown,2026,,,source_manual_seed_v1,
rel_0042,TWSE_3711,osat_service,PRODUCES,日月光投控提供封裝測試服務,,0.95,verified,,,unknown,2026,,,source_manual_seed_v1,
rel_0043,TWSE_2454,smartphone_soc,PRODUCES,聯發科設計手機 SoC,,0.95,verified,,,unknown,2026,,,source_manual_seed_v1,
rel_0044,TWSE_3034,display_driver_ic,PRODUCES,聯詠設計顯示驅動 IC,,0.95,verified,,,unknown,2026,,,source_manual_seed_v1,
rel_0045,TWSE_2379,network_ic,PRODUCES,瑞昱設計網通 IC,,0.95,verified,,,unknown,2026,,,source_manual_seed_v1,
rel_0046,TWSE_2344,nor_flash,PRODUCES,華邦電生產 NOR Flash,,0.9,verified,,,unknown,2026,,,source_manual_seed_v1,
rel_0047,TWSE_2344,specialty_dram,PRODUCES,華邦電生產利基型 DRAM,,0.9,verified,,,unknown,2026,,,source_manual_seed_v1,
rel_0048,TWSE_2408,dram,PRODUCES,南亞科生產 DRAM,,0.95,verified,,,unknown,2026,,,source_manual_seed_v1,
rel_0049,TWSE_2368,server_pcb,PRODUCES,金像電生產伺服器 PCB,,0.9,verified,,,unknown,2026,,,source_manual_seed_v1,
rel_0050,TWSE_3044,server_pcb,PRODUCES,健鼎生產伺服器與各類 PCB,,0.85,verified,,,unknown,2026,,,source_manual_seed_v1,
rel_0051,TWSE_2308,server_power_supply,PRODUCES,台達電生產伺服器電源,,0.95,verified,,,unknown,2026,,,source_manual_seed_v1,
rel_0052,TWSE_2308,liquid_cooling,PRODUCES,台達電提供液冷散熱方案,,0.8,verified,,,unknown,2026,,,source_manual_seed_v1,
rel_0053,TWSE_3017,thermal_module,PRODUCES,奇鋐生產散熱模組,,0.95,verified,,,unknown,2026,,,source_manual_seed_v1,
rel_0054,TWSE_3017,liquid_cooling,PRODUCES,奇鋐提供 AI 伺服器水冷方案,,0.8,verified,,,unknown,2026,,,source_manual_seed_v1,
rel_0055,TWSE_3324,thermal_module,PRODUCES,雙鴻生產散熱模組,,0.95,verified,,,unknown,2026,,,source_manual_seed_v1,
rel_0056,TWSE_3324,liquid_cooling,PRODUCES,雙鴻提供水冷散熱方案,,0.8,verified,,,unknown,2026,,,source_manual_seed_v1,
rel_0057,TWSE_3023,high_speed_cable,PRODUCES,信邦生產連接線束,,0.85,verified,,,unknown,2026,,,source_manual_seed_v1,
rel_0058,TWSE_3665,high_speed_cable,PRODUCES,貿聯-KY 生產高速傳輸線束,,0.85,verified,,,unknown,2026,,,source_manual_seed_v1,
rel_0059,US_AMD,ai_gpu,PRODUCES,AMD 設計 AI GPU,,0.9,verified,,,unknown,2026,,,source_manual_seed_v1,
rel_0060,US_AMD,server_cpu,PRODUCES,AMD 設計伺服器 CPU,,0.95,verified,,,unknown,2026,,,source_manual_seed_v1,
rel_0061,US_AAPL,smartphone,PRODUCES,Apple 銷售 iPhone 智慧型手機,,0.95,verified,,,unknown,2026,,,source_manual_seed_v1,
rel_0062,NL_ASML,euv_scanner,PRODUCES,ASML 生產 EUV 曝光機,,0.95,verified,,,unknown,2026,,,source_manual_seed_v1,
rel_0063,KR_005930,dram,PRODUCES,Samsung 生產 DRAM,,0.95,verified,,,unknown,2026,,,source_manual_seed_v1,
rel_0064,KR_005930,hbm,PRODUCES,Samsung 生產 HBM,,0.9,verified,,,unknown,2026,,,source_manual_seed_v1,
rel_0065,KR_000660,dram,PRODUCES,SK Hynix 生產 DRAM,,0.95,verified,,,unknown,2026,,,source_manual_seed_v1,
rel_0066,KR_000660,hbm,PRODUCES,SK Hynix 生產 HBM,,0.95,verified,,,unknown,2026,,,source_manual_seed_v1,
rel_0067,US_MU,dram,PRODUCES,Micron 生產 DRAM,,0.95,verified,,,unknown,2026,,,source_manual_seed_v1,
rel_0068,US_MU,hbm,PRODUCES,Micron 生產 HBM,,0.9,verified,,,unknown,2026,,,source_manual_seed_v1,
rel_0069,TWSE_2382,ai_server,ASSEMBLES,廣達組裝 AI 伺服器,,0.9,verified,,,unknown,2026,,,source_manual_seed_v1,
rel_0070,TWSE_3231,ai_server,ASSEMBLES,緯創組裝 AI 伺服器,,0.85,verified,,,unknown,2026,,,source_manual_seed_v1,
rel_0071,TWSE_2356,ai_server,ASSEMBLES,英業達組裝 AI 伺服器,,0.85,verified,,,unknown,2026,,,source_manual_seed_v1,
rel_0072,TWSE_2317,ai_server,ASSEMBLES,鴻海組裝 AI 伺服器,,0.85,verified,,,unknown,2026,,,source_manual_seed_v1,
rel_0073,hbm,ai_gpu,COMPONENT_OF,HBM 是 AI GPU 的關鍵組件,,0.95,verified,,,unknown,2026,,,source_manual_seed_v1,
rel_0074,cowos,ai_gpu,INPUT_OF,CoWoS 先進封裝是 AI GPU 的生產投入,,0.9,verified,,,unknown,2026,,,source_manual_seed_v1,
rel_0075,wafer_foundry_service,ai_gpu,INPUT_OF,先進製程代工是 AI GPU 的生產投入,,0.95,verified,,,unknown,2026,,,source_manual_seed_v1,
rel_0076,wafer_foundry_service,smartphone_soc,INPUT_OF,先進製程代工是手機 SoC 的生產投入,,0.95,verified,,,unknown,2026,,,source_manual_seed_v1,
rel_0077,osat_service,smartphone_soc,INPUT_OF,封裝測試是手機 SoC 的生產投入,,0.9,verified,,,unknown,2026,,,source_manual_seed_v1,
rel_0078,server_cpu,ai_server,COMPONENT_OF,伺服器 CPU 是 AI Server 的組件,,0.95,verified,,,unknown,2026,,,source_manual_seed_v1,
rel_0079,dram,ai_server,COMPONENT_OF,DRAM 是 AI Server 的組件,,0.9,verified,,,unknown,2026,,,source_manual_seed_v1,
rel_0080,server_pcb,ai_server,COMPONENT_OF,伺服器 PCB 是 AI Server 的組件,,0.9,verified,,,unknown,2026,,,source_manual_seed_v1,
rel_0081,server_power_supply,ai_server,COMPONENT_OF,伺服器電源是 AI Server 的組件,,0.9,verified,,,unknown,2026,,,source_manual_seed_v1,
rel_0082,thermal_module,ai_server,COMPONENT_OF,散熱模組是 AI Server 的組件,,0.9,verified,,,unknown,2026,,,source_manual_seed_v1,
rel_0083,liquid_cooling,ai_server,COMPONENT_OF,水冷散熱是高階 AI Server 的組件,,0.85,verified,,,unknown,2026,,,source_manual_seed_v1,
rel_0084,high_speed_cable,ai_server,COMPONENT_OF,高速線束是 AI Server 的組件,,0.85,verified,,,unknown,2026,,,source_manual_seed_v1,
rel_0085,euv_scanner,wafer_foundry_service,INPUT_OF,EUV 曝光機是先進製程代工的生產投入,,0.95,verified,,,unknown,2026,,,source_manual_seed_v1,
rel_0086,smartphone_soc,smartphone,COMPONENT_OF,手機 SoC 是智慧型手機的組件,,0.95,verified,,,unknown,2026,,,source_manual_seed_v1,
rel_0087,display_driver_ic,smartphone,COMPONENT_OF,顯示驅動 IC 是智慧型手機的組件,,0.9,verified,,,unknown,2026,,,source_manual_seed_v1,
rel_0088,nor_flash,smartphone,COMPONENT_OF,NOR Flash 用於智慧型手機等裝置,,0.7,verified,,,unknown,2026,,,source_manual_seed_v1,
rel_0089,liquid_cooling,thermal_module,SUBSTITUTE_FOR,水冷方案可替代氣冷散熱模組,,0.8,verified,,,unknown,2026,,,source_manual_seed_v1,
rel_0090,ai_server,cloud_computing,USED_IN,AI Server 用於雲端運算,,0.85,verified,,,unknown,2026,,,source_manual_seed_v1,
rel_0091,network_ic,networking,USED_IN,網通 IC 用於網路通訊設備,,0.9,verified,,,unknown,2026,,,source_manual_seed_v1,
rel_0092,smartphone,smartphone_market,USED_IN,智慧型手機銷往手機終端市場,,0.95,verified,,,unknown,2026,,,source_manual_seed_v1,
rel_0093,display_driver_ic,consumer_electronics,USED_IN,顯示驅動 IC 用於消費性電子,,0.9,verified,,,unknown,2026,,,source_manual_seed_v1,
rel_0094,dram,pc_notebook,USED_IN,DRAM 用於 PC 與筆電,,0.9,verified,,,unknown,2026,,,source_manual_seed_v1,
rel_0095,specialty_dram,automotive_electronics,USED_IN,利基型 DRAM 用於車用電子,,0.8,verified,,,unknown,2026,,,source_manual_seed_v1,
rel_0096,nor_flash,automotive_electronics,USED_IN,NOR Flash 用於車用電子,,0.85,verified,,,unknown,2026,,,source_manual_seed_v1,
rel_0097,high_speed_cable,automotive_electronics,USED_IN,線束用於車用電子與電動車,,0.8,verified,,,unknown,2026,,,source_manual_seed_v1,
rel_0098,smartphone_soc,edge_ai,USED_IN,手機 SoC 支援邊緣 AI 運算,,0.75,verified,,,unknown,2026,,,source_manual_seed_v1,
rel_0099,ai_datacenter,ai_gpu,DRIVES_DEMAND_FOR,AI 資料中心驅動 AI GPU 需求,,0.9,verified,,,unknown,2026,,,source_manual_seed_v1,
rel_0100,ai_datacenter,hbm,DRIVES_DEMAND_FOR,AI 資料中心驅動 HBM 需求,,0.9,verified,,,unknown,2026,,,source_manual_seed_v1,
rel_0101,ai_datacenter,liquid_cooling,DRIVES_DEMAND_FOR,AI 資料中心驅動液冷散熱需求,,0.85,verified,,,unknown,2026,,,source_manual_seed_v1,
rel_0102,cloud_computing,ai_server,DRIVES_DEMAND_FOR,雲端運算驅動伺服器需求,,0.8,verified,,,unknown,2026,,,source_manual_seed_v1,
rel_0103,smartphone_market,smartphone_soc,DRIVES_DEMAND_FOR,手機市場驅動手機 SoC 需求,,0.85,verified,,,unknown,2026,,,source_manual_seed_v1,
rel_0104,automotive_electronics,nor_flash,DRIVES_DEMAND_FOR,車用電子驅動 NOR Flash 需求,,0.75,verified,,,unknown,2026,,,source_manual_seed_v1,
rel_0105,TWSE_2330,US_AMD,MANUFACTURES_FOR,台積電為 AMD 代工 CPU 與 GPU,ai_gpu,0.9,verified,,,unknown,2026,,,source_manual_seed_v1,
rel_0106,TWSE_2330,US_AAPL,MANUFACTURES_FOR,台積電為 Apple 代工自研 SoC,smartphone_soc,0.9,verified,,,unknown,2026,,,source_manual_seed_v1,
rel_0107,TWSE_2330,TWSE_2454,MANUFACTURES_FOR,台積電為聯發科代工手機 SoC,smartphone_soc,0.85,verified,,,unknown,2026,,,source_manual_seed_v1,
rel_0108,NL_ASML,TWSE_2330,SUPPLIES_TO,ASML 供應 EUV 曝光機給台積電,euv_scanner,0.95,verified,,,unknown,2026,,,source_manual_seed_v1,
rel_0109,NL_ASML,KR_005930,SUPPLIES_TO,ASML 供應曝光機給 Samsung,euv_scanner,0.9,verified,,,unknown,2026,,,source_manual_seed_v1,
rel_0110,KR_000660,US_NVDA,SUPPLIES_TO,SK Hynix 供應 HBM 給 NVIDIA,hbm,0.85,verified,,,unknown,2026,,,source_manual_seed_v1,
rel_0111,US_MU,US_NVDA,SUPPLIES_TO,Micron 供應 HBM 給 NVIDIA,hbm,0.7,verified,,,unknown,2026,,,source_manual_seed_v1,
rel_0112,KR_005930,US_NVDA,SUPPLIES_TO,Samsung 供應 HBM 給 NVIDIA,hbm,0.5,candidate,,,unknown,2026,,,source_manual_seed_v1,認證進度依市場報導推論
rel_0113,TWSE_3711,TWSE_2454,SUPPLIES_TO,日月光投控提供封測服務給聯發科,osat_service,0.7,candidate,,,unknown,2026,,,source_manual_seed_v1,依產業慣例推論
rel_0114,TWSE_2382,US_NVDA,ASSEMBLES_FOR,廣達為 NVIDIA 平台組裝 AI 伺服器,ai_server,0.65,candidate,,,unknown,2026,,,source_manual_seed_v1,依市場報導推論
rel_0115,TWSE_2317,US_NVDA,ASSEMBLES_FOR,鴻海為 NVIDIA 組裝 AI 伺服器機櫃,ai_server,0.65,candidate,,,unknown,2026,,,source_manual_seed_v1,依市場報導推論
rel_0116,TWSE_3231,US_NVDA,ASSEMBLES_FOR,緯創為 NVIDIA 供應 AI 伺服器相關模組,ai_server,0.6,candidate,,,unknown,2026,,,source_manual_seed_v1,依市場報導推論
rel_0117,TWSE_2317,US_AAPL,ASSEMBLES_FOR,鴻海為 Apple 組裝 iPhone,smartphone,0.9,verified,,,unknown,2026,,,source_manual_seed_v1,
rel_0118,TWSE_2308,TWSE_2382,SUPPLIES_TO,台達電供應伺服器電源給廣達,server_power_supply,0.6,candidate,,,unknown,2026,,,source_manual_seed_v1,依產業結構推論
rel_0119,TWSE_2308,TWSE_2317,SUPPLIES_TO,台達電供應電源給鴻海,server_power_supply,0.55,candidate,,,unknown,2026,,,source_manual_seed_v1,依產業結構推論
rel_0120,TWSE_3017,TWSE_2382,SUPPLIES_TO,奇鋐供應散熱方案給廣達,liquid_cooling,0.6,candidate,,,unknown,2026,,,source_manual_seed_v1,依市場報導推論
rel_0121,TWSE_3324,TWSE_2382,SUPPLIES_TO,雙鴻供應散熱方案給廣達,liquid_cooling,0.55,candidate,,,unknown,2026,,,source_manual_seed_v1,依市場報導推論
rel_0122,TWSE_2368,TWSE_2382,SUPPLIES_TO,金像電供應伺服器 PCB 給廣達,server_pcb,0.6,candidate,,,unknown,2026,,,source_manual_seed_v1,依市場報導推論
rel_0123,TWSE_3665,US_NVDA,SUPPLIES_TO,貿聯-KY 供應高速線束給 NVIDIA 平台,high_speed_cable,0.55,candidate,,,unknown,2026,,,source_manual_seed_v1,依市場報導推論
rel_0124,US_NVDA,US_AMD,COMPETES_WITH,NVIDIA 與 AMD 在 AI GPU 市場競爭,ai_gpu,0.9,verified,,,unknown,2026,,,source_manual_seed_v1,
rel_0125,TWSE_2382,TWSE_3231,COMPETES_WITH,廣達與緯創在伺服器 ODM 競爭,ai_server,0.8,verified,,,unknown,2026,,,source_manual_seed_v1,
rel_0126,TWSE_3017,TWSE_3324,COMPETES_WITH,奇鋐與雙鴻在散熱市場競爭,thermal_module,0.8,verified,,,unknown,2026,,,source_manual_seed_v1,
rel_0127,KR_000660,US_MU,COMPETES_WITH,SK Hynix 與 Micron 在 HBM 市場競爭,hbm,0.85,verified,,,unknown,2026,,,source_manual_seed_v1,
rel_0128,TWSE_2330,KR_005930,COMPETES_WITH,台積電與 Samsung 在先進製程代工競爭,wafer_foundry_service,0.85,verified,,,unknown,2026,,,source_manual_seed_v1,
rel_0129,TWSE_2408,US_MU,COMPETES_WITH,南亞科與 Micron 在 DRAM 市場競爭,dram,0.75,verified,,,unknown,2026,,,source_manual_seed_v1,
rel_0130,TWSE_2881,financial_holding,BELONGS_TO,富邦金屬於金融控股產業,,0.9,verified,,,unknown,2026,,,source_manual_seed_v2,
rel_0131,TWSE_2882,financial_holding,BELONGS_TO,國泰金屬於金融控股產業,,0.9,verified,,,unknown,2026,,,source_manual_seed_v2,
rel_0132,TWSE_2891,financial_holding,BELONGS_TO,中信金屬於金融控股產業,,0.9,verified,,,unknown,2026,,,source_manual_seed_v2,
rel_0133,TWSE_2886,financial_holding,BELONGS_TO,兆豐金屬於金融控股產業,,0.9,verified,,,unknown,2026,,,source_manual_seed_v2,
rel_0134,TWSE_2884,financial_holding,BELONGS_TO,玉山金屬於金融控股產業,,0.9,verified,,,unknown,2026,,,source_manual_seed_v2,
rel_0135,TWSE_2885,financial_holding,BELONGS_TO,元大金屬於金融控股產業,,0.9,verified,,,unknown,2026,,,source_manual_seed_v2,
rel_0136,TWSE_2892,financial_holding,BELONGS_TO,第一金屬於金融控股產業,,0.9,verified,,,unknown,2026,,,source_manual_seed_v2,
rel_0137,TWSE_5880,financial_holding,BELONGS_TO,合庫金屬於金融控股產業,,0.9,verified,,,unknown,2026,,,source_manual_seed_v2,
rel_0138,TWSE_2880,financial_holding,BELONGS_TO,華南金屬於金融控股產業,,0.9,verified,,,unknown,2026,,,source_manual_seed_v2,
rel_0139,TWSE_2890,financial_holding,BELONGS_TO,永豐金屬於金融控股產業,,0.9,verified,,,unknown,2026,,,source_manual_seed_v2,
rel_0140,TWSE_2887,financial_holding,BELONGS_TO,台新金屬於金融控股產業,,0.9,verified,,,unknown,2026,,,source_manual_seed_v2,
rel_0141,TWSE_2883,financial_holding,BELONGS_TO,凱基金屬於金融控股產業,,0.9,verified,,,unknown,2026,,,source_manual_seed_v2,
rel_0142,TWSE_5871,financial_holding,BELONGS_TO,中租-KY 屬於金融（租賃）產業,,0.85,verified,,,unknown,2026,,,source_manual_seed_v2,
rel_0143,TWSE_2412,telecom,BELONGS_TO,中華電屬於電信產業,,0.9,verified,,,unknown,2026,,,source_manual_seed_v2,
rel_0144,TWSE_3045,telecom,BELONGS_TO,台灣大屬於電信產業,,0.9,verified,,,unknown,2026,,,source_manual_seed_v2,
rel_0145,TWSE_4904,telecom,BELONGS_TO,遠傳屬於電信產業,,0.9,verified,,,unknown,2026,,,source_manual_seed_v2,
rel_0146,TWSE_2303,semiconductor_foundry,BELONGS_TO,聯電屬於晶圓代工產業,,0.9,verified,,,unknown,2026,,,source_manual_seed_v2,
rel_0147,TWSE_3661,ic_design,BELONGS_TO,世芯-KY 屬於 IC 設計（ASIC）產業,,0.9,verified,,,unknown,2026,,,source_manual_seed_v2,
rel_0148,TWSE_3443,ic_design,BELONGS_TO,創意屬於 IC 設計（ASIC）產業,,0.9,verified,,,unknown,2026,,,source_manual_seed_v2,
rel_0149,TWSE_5269,ic_design,BELONGS_TO,祥碩屬於 IC 設計產業,,0.9,verified,,,unknown,2026,,,source_manual_seed_v2,
rel_0150,TPEX_8299,ic_design,BELONGS_TO,群聯屬於 IC 設計（快閃記憶體控制）產業,,0.85,verified,,,unknown,2026,,,source_manual_seed_v2,
rel_0151,TPEX_3529,ic_design,BELONGS_TO,力旺屬於矽智財（IP）產業,,0.85,verified,,,unknown,2026,,,source_manual_seed_v2,
rel_0152,TPEX_5274,ic_design,BELONGS_TO,信驊屬於 IC 設計（BMC）產業,,0.9,verified,,,unknown,2026,,,source_manual_seed_v2,
rel_0153,TWSE_6239,osat,BELONGS_TO,力成屬於封裝測試產業,,0.9,verified,,,unknown,2026,,,source_manual_seed_v2,
rel_0154,TWSE_2449,osat,BELONGS_TO,京元電子屬於封裝測試產業,,0.9,verified,,,unknown,2026,,,source_manual_seed_v2,
rel_0155,TWSE_3532,semiconductor,BELONGS_TO,台勝科屬於半導體（矽晶圓）產業,,0.85,verified,,,unknown,2026,,,source_manual_seed_v2,
rel_0156,TWSE_6415,ic_design,BELONGS_TO,矽力-KY 屬於 IC 設計（電源管理）產業,,0.9,verified,,,unknown,2026,,,source_manual_seed_v2,
rel_0157,TWSE_2409,display_panel,BELONGS_TO,友達屬於面板產業,,0.9,verified,,,unknown,2026,,,source_manual_seed_v2,
rel_0158,TWSE_3481,display_panel,BELONGS_TO,群創屬於面板產業,,0.9,verified,,,unknown,2026,,,source_manual_seed_v2,
rel_0159,TWSE_3008,optics,BELONGS_TO,大立光屬於光學產業,,0.9,verified,,,unknown,2026,,,source_manual_seed_v2,
rel_0160,TWSE_2357,consumer_brand,BELONGS_TO,華碩屬於品牌廠產業,,0.9,verified,,,unknown,2026,,,source_manual_seed_v2,
rel_0161,TWSE_4938,ems,BELONGS_TO,和碩屬於 EMS 產業,,0.9,verified,,,unknown,2026,,,source_manual_seed_v2,
rel_0162,TWSE_2324,ems,BELONGS_TO,仁寶屬於 EMS / ODM 產業,,0.9,verified,,,unknown,2026,,,source_manual_seed_v2,
rel_0163,TWSE_2353,consumer_brand,BELONGS_TO,宏碁屬於品牌廠產業,,0.9,verified,,,unknown,2026,,,source_manual_seed_v2,
rel_0164,TWSE_2377,consumer_brand,BELONGS_TO,微星屬於品牌廠（板卡）產業,,0.9,verified,,,unknown,2026,,,source_manual_seed_v2,
rel_0165,TWSE_2376,consumer_brand,BELONGS_TO,技嘉屬於品牌廠（板卡）產業,,0.9,verified,,,unknown,2026,,,source_manual_seed_v2,
rel_0166,TWSE_6669,server_odm,BELONGS_TO,緯穎屬於伺服器 ODM 產業,,0.9,verified,,,unknown,2026,,,source_manual_seed_v2,
rel_0167,TWSE_2395,consumer_brand,BELONGS_TO,研華屬於工業電腦品牌產業,,0.85,verified,,,unknown,2026,,,source_manual_seed_v2,
rel_0168,TWSE_2345,network_equipment,BELONGS_TO,智邦屬於網通設備產業,,0.9,verified,,,unknown,2026,,,source_manual_seed_v2,
rel_0169,TWSE_2301,power_supply_industry,BELONGS_TO,光寶科屬於電源供應產業,,0.85,verified,,,unknown,2026,,,source_manual_seed_v2,
rel_0170,TWSE_2327,passive_component,BELONGS_TO,國巨屬於被動元件產業,,0.9,verified,,,unknown,2026,,,source_manual_seed_v2,
rel_0171,TWSE_2354,ems,BELONGS_TO,鴻準屬於機構件 / EMS 產業,,0.8,verified,,,unknown,2026,,,source_manual_seed_v2,
rel_0172,TWSE_2360,semiconductor_equipment,BELONGS_TO,致茂屬於量測設備產業,,0.85,verified,,,unknown,2026,,,source_manual_seed_v2,
rel_0173,TWSE_3037,pcb_industry,BELONGS_TO,欣興屬於 PCB / 載板產業,,0.9,verified,,,unknown,2026,,,source_manual_seed_v2,
rel_0174,TWSE_8046,pcb_industry,BELONGS_TO,南電屬於 PCB / 載板產業,,0.9,verified,,,unknown,2026,,,source_manual_seed_v2,
rel_0175,TWSE_2383,pcb_industry,BELONGS_TO,台光電屬於 CCL / PCB 材料產業,,0.9,verified,,,unknown,2026,,,source_manual_seed_v2,
rel_0176,TPEX_6274,pcb_industry,BELONGS_TO,台燿屬於 CCL / PCB 材料產業,,0.9,verified,,,unknown,2026,,,source_manual_seed_v2,
rel_0177,TWSE_3533,connector_industry,BELONGS_TO,嘉澤屬於連接器產業,,0.9,verified,,,unknown,2026,,,source_manual_seed_v2,
rel_0178,TWSE_3653,thermal_industry,BELONGS_TO,健策屬於散熱產業,,0.9,verified,,,unknown,2026,,,source_manual_seed_v2,
rel_0179,TWSE_1590,industrial_equipment,BELONGS_TO,亞德客-KY 屬於工業設備（氣動元件）產業,,0.9,verified,,,unknown,2026,,,source_manual_seed_v2,
rel_0180,TWSE_2049,industrial_equipment,BELONGS_TO,上銀屬於工業設備（傳動）產業,,0.9,verified,,,unknown,2026,,,source_manual_seed_v2,
rel_0181,TWSE_2059,industrial_equipment,BELONGS_TO,川湖屬於工業設備（滑軌）產業,,0.85,verified,,,unknown,2026,,,source_manual_seed_v2,
rel_0182,TWSE_1519,industrial_equipment,BELONGS_TO,華城屬於重電產業,,0.9,verified,,,unknown,2026,,,source_manual_seed_v2,
rel_0183,TWSE_1513,industrial_equipment,BELONGS_TO,中興電屬於重電產業,,0.9,verified,,,unknown,2026,,,source_manual_seed_v2,
rel_0184,TWSE_1504,industrial_equipment,BELONGS_TO,東元屬於機電產業,,0.9,verified,,,unknown,2026,,,source_manual_seed_v2,
rel_0185,TWSE_1605,industrial_equipment,BELONGS_TO,華新屬於電線電纜產業,,0.85,verified,,,unknown,2026,,,source_manual_seed_v2,
rel_0186,TWSE_1301,petrochemical,BELONGS_TO,台塑屬於塑化產業,,0.9,verified,,,unknown,2026,,,source_manual_seed_v2,
rel_0187,TWSE_1303,petrochemical,BELONGS_TO,南亞屬於塑化產業,,0.9,verified,,,unknown,2026,,,source_manual_seed_v2,
rel_0188,TWSE_1326,petrochemical,BELONGS_TO,台化屬於塑化產業,,0.9,verified,,,unknown,2026,,,source_manual_seed_v2,
rel_0189,TWSE_6505,petrochemical,BELONGS_TO,台塑化屬於塑化（煉油）產業,,0.9,verified,,,unknown,2026,,,source_manual_seed_v2,
rel_0190,TWSE_2002,steel,BELONGS_TO,中鋼屬於鋼鐵產業,,0.9,verified,,,unknown,2026,,,source_manual_seed_v2,
rel_0191,TWSE_1101,cement,BELONGS_TO,台泥屬於水泥產業,,0.9,verified,,,unknown,2026,,,source_manual_seed_v2,
rel_0192,TWSE_1216,food_beverage,BELONGS_TO,統一屬於食品飲料產業,,0.9,verified,,,unknown,2026,,,source_manual_seed_v2,
rel_0193,TWSE_2912,retail_ecommerce,BELONGS_TO,統一超屬於零售產業,,0.9,verified,,,unknown,2026,,,source_manual_seed_v2,
rel_0194,TWSE_8454,retail_ecommerce,BELONGS_TO,富邦媒屬於電商產業,,0.9,verified,,,unknown,2026,,,source_manual_seed_v2,
rel_0195,TWSE_1402,textile_footwear,BELONGS_TO,遠東新屬於紡織產業,,0.9,verified,,,unknown,2026,,,source_manual_seed_v2,
rel_0196,TWSE_1476,textile_footwear,BELONGS_TO,儒鴻屬於紡織（機能布）產業,,0.9,verified,,,unknown,2026,,,source_manual_seed_v2,
rel_0197,TWSE_9904,textile_footwear,BELONGS_TO,寶成屬於製鞋產業,,0.9,verified,,,unknown,2026,,,source_manual_seed_v2,
rel_0198,TWSE_9910,textile_footwear,BELONGS_TO,豐泰屬於製鞋產業,,0.9,verified,,,unknown,2026,,,source_manual_seed_v2,
rel_0199,TWSE_2603,shipping,BELONGS_TO,長榮屬於貨櫃航運產業,,0.9,verified,,,unknown,2026,,,source_manual_seed_v2,
rel_0200,TWSE_2609,shipping,BELONGS_TO,陽明屬於貨櫃航運產業,,0.9,verified,,,unknown,2026,,,source_manual_seed_v2,
rel_0201,TWSE_2615,shipping,BELONGS_TO,萬海屬於貨櫃航運產業,,0.9,verified,,,unknown,2026,,,source_manual_seed_v2,
rel_0202,TWSE_2618,airline,BELONGS_TO,長榮航屬於航空產業,,0.9,verified,,,unknown,2026,,,source_manual_seed_v2,
rel_0203,TWSE_2610,airline,BELONGS_TO,華航屬於航空產業,,0.9,verified,,,unknown,2026,,,source_manual_seed_v2,
rel_0204,TWSE_2207,automotive,BELONGS_TO,和泰車屬於汽車產業,,0.9,verified,,,unknown,2026,,,source_manual_seed_v2,
rel_0205,TWSE_2201,automotive,BELONGS_TO,裕隆屬於汽車產業,,0.9,verified,,,unknown,2026,,,source_manual_seed_v2,
rel_0206,TWSE_2105,automotive,BELONGS_TO,正新屬於汽車（輪胎）產業,,0.85,verified,,,unknown,2026,,,source_manual_seed_v2,
rel_0207,TWSE_9921,bicycle,BELONGS_TO,巨大屬於自行車產業,,0.9,verified,,,unknown,2026,,,source_manual_seed_v2,
rel_0208,TWSE_9914,bicycle,BELONGS_TO,美利達屬於自行車產業,,0.9,verified,,,unknown,2026,,,source_manual_seed_v2,
rel_0209,TWSE_2634,aerospace_defense,BELONGS_TO,漢翔屬於航太產業,,0.9,verified,,,unknown,2026,,,source_manual_seed_v2,
rel_0210,TWSE_2881,financial_service,PRODUCES,富邦金提供銀行保險證券等金融服務,,0.9,verified,,,unknown,2026,,,source_manual_seed_v2,
rel_0211,TWSE_2881,insurance_service,PRODUCES,富邦金旗下富邦人壽提供保險服務,,0.9,verified,,,unknown,2026,,,source_manual_seed_v2,
rel_0212,TWSE_2882,financial_service,PRODUCES,國泰金提供金融服務,,0.9,verified,,,unknown,2026,,,source_manual_seed_v2,
rel_0213,TWSE_2882,insurance_service,PRODUCES,國泰金旗下國泰人壽提供保險服務,,0.9,verified,,,unknown,2026,,,source_manual_seed_v2,
rel_0214,TWSE_2891,financial_service,PRODUCES,中信金提供銀行金融服務,,0.9,verified,,,unknown,2026,,,source_manual_seed_v2,
rel_0215,TWSE_2886,financial_service,PRODUCES,兆豐金提供銀行金融服務,,0.9,verified,,,unknown,2026,,,source_manual_seed_v2,
rel_0216,TWSE_2884,financial_service,PRODUCES,玉山金提供銀行金融服務,,0.9,verified,,,unknown,2026,,,source_manual_seed_v2,
rel_0217,TWSE_2885,securities_service,PRODUCES,元大金以證券業務為核心,,0.9,verified,,,unknown,2026,,,source_manual_seed_v2,
rel_0218,TWSE_2892,financial_service,PRODUCES,第一金提供銀行金融服務,,0.9,verified,,,unknown,2026,,,source_manual_seed_v2,
rel_0219,TWSE_5880,financial_service,PRODUCES,合庫金提供銀行金融服務,,0.9,verified,,,unknown,2026,,,source_manual_seed_v2,
rel_0220,TWSE_2880,financial_service,PRODUCES,華南金提供銀行金融服務,,0.9,verified,,,unknown,2026,,,source_manual_seed_v2,
rel_0221,TWSE_2890,financial_service,PRODUCES,永豐金提供銀行金融服務,,0.9,verified,,,unknown,2026,,,source_manual_seed_v2,
rel_0222,TWSE_2887,financial_service,PRODUCES,台新金提供銀行金融服務,,0.9,verified,,,unknown,2026,,,source_manual_seed_v2,
rel_0223,TWSE_2883,securities_service,PRODUCES,凱基金以證券與銀行業務為主,,0.85,verified,,,unknown,2026,,,source_manual_seed_v2,
rel_0224,TWSE_5871,leasing_service,PRODUCES,中租-KY 提供租賃融資服務,,0.9,verified,,,unknown,2026,,,source_manual_seed_v2,
rel_0225,TWSE_2412,telecom_service,PRODUCES,中華電提供電信服務,,0.9,verified,,,unknown,2026,,,source_manual_seed_v2,
rel_0226,TWSE_3045,telecom_service,PRODUCES,台灣大提供電信服務,,0.9,verified,,,unknown,2026,,,source_manual_seed_v2,
rel_0227,TWSE_4904,telecom_service,PRODUCES,遠傳提供電信服務,,0.9,verified,,,unknown,2026,,,source_manual_seed_v2,
rel_0228,TWSE_2303,wafer_foundry_service,PRODUCES,聯電提供成熟製程晶圓代工服務,,0.9,verified,,,unknown,2026,,,source_manual_seed_v2,
rel_0229,TWSE_3661,asic_design_service,PRODUCES,世芯-KY 提供 ASIC 設計服務,,0.9,verified,,,unknown,2026,,,source_manual_seed_v2,
rel_0230,TWSE_3443,asic_design_service,PRODUCES,創意提供 ASIC 設計服務,,0.9,verified,,,unknown,2026,,,source_manual_seed_v2,
rel_0231,TWSE_5269,usb_interface_ic,PRODUCES,祥碩設計高速傳輸介面 IC,,0.9,verified,,,unknown,2026,,,source_manual_seed_v2,
rel_0232,TPEX_8299,nand_controller,PRODUCES,群聯設計 NAND 控制晶片,,0.9,verified,,,unknown,2026,,,source_manual_seed_v2,
rel_0233,TPEX_3529,silicon_ip,PRODUCES,力旺提供 eNVM 矽智財,,0.9,verified,,,unknown,2026,,,source_manual_seed_v2,
rel_0234,TPEX_5274,bmc_chip,PRODUCES,信驊設計伺服器 BMC 晶片,,0.9,verified,,,unknown,2026,,,source_manual_seed_v2,
rel_0235,TWSE_6239,osat_service,PRODUCES,力成提供記憶體封測服務,,0.9,verified,,,unknown,2026,,,source_manual_seed_v2,
rel_0236,TWSE_2449,osat_service,PRODUCES,京元電子提供晶圓測試服務,,0.9,verified,,,unknown,2026,,,source_manual_seed_v2,
rel_0237,TWSE_3532,silicon_wafer,PRODUCES,台勝科生產矽晶圓,,0.9,verified,,,unknown,2026,,,source_manual_seed_v2,
rel_0238,TWSE_6415,power_management_ic,PRODUCES,矽力-KY 設計電源管理 IC,,0.9,verified,,,unknown,2026,,,source_manual_seed_v2,
rel_0239,TWSE_2409,panel,PRODUCES,友達生產顯示面板,,0.9,verified,,,unknown,2026,,,source_manual_seed_v2,
rel_0240,TWSE_3481,panel,PRODUCES,群創生產顯示面板,,0.9,verified,,,unknown,2026,,,source_manual_seed_v2,
rel_0241,TWSE_3008,camera_lens,PRODUCES,大立光生產光學鏡頭,,0.9,verified,,,unknown,2026,,,source_manual_seed_v2,
rel_0242,TWSE_2357,notebook_pc,SELLS,華碩銷售自有品牌 PC 與筆電,,0.9,verified,,,unknown,2026,,,source_manual_seed_v2,
rel_0243,TWSE_2357,motherboard_gpu_card,SELLS,華碩銷售主機板與顯示卡,,0.9,verified,,,unknown,2026,,,source_manual_seed_v2,
rel_0244,TWSE_4938,notebook_pc,ASSEMBLES,和碩代工組裝筆電與消費電子,,0.9,verified,,,unknown,2026,,,source_manual_seed_v2,
rel_0245,TWSE_2324,notebook_pc,ASSEMBLES,仁寶代工組裝筆電,,0.9,verified,,,unknown,2026,,,source_manual_seed_v2,
rel_0246,TWSE_2353,notebook_pc,SELLS,宏碁銷售自有品牌 PC 與筆電,,0.9,verified,,,unknown,2026,,,source_manual_seed_v2,
rel_0247,TWSE_2377,motherboard_gpu_card,SELLS,微星銷售主機板顯示卡與電競 PC,,0.9,verified,,,unknown,2026,,,source_manual_seed_v2,
rel_0248,TWSE_2376,motherboard_gpu_card,SELLS,技嘉銷售主機板顯示卡與伺服器,,0.9,verified,,,unknown,2026,,,source_manual_seed_v2,
rel_0249,TWSE_6669,ai_server,PRODUCES,緯穎生產雲端資料中心伺服器,,0.9,verified,,,unknown,2026,,,source_manual_seed_v2,
rel_0250,TWSE_2395,industrial_pc,PRODUCES,研華生產工業電腦,,0.9,verified,,,unknown,2026,,,source_manual_seed_v2,
rel_0251,TWSE_2345,networking_switch,PRODUCES,智邦生產資料中心交換器,,0.9,verified,,,unknown,2026,,,source_manual_seed_v2,
rel_0252,TWSE_2301,server_power_supply,PRODUCES,光寶科生產電源供應器,,0.9,verified,,,unknown,2026,,,source_manual_seed_v2,
rel_0253,TWSE_2327,passive_component_product,PRODUCES,國巨生產 MLCC 與電阻等被動元件,,0.9,verified,,,unknown,2026,,,source_manual_seed_v2,
rel_0254,TWSE_2354,smartphone,ASSEMBLES,鴻準生產機構件並參與組裝,,0.7,verified,,,unknown,2026,,,source_manual_seed_v2,
rel_0255,TWSE_2360,test_equipment,PRODUCES,致茂生產量測與自動化測試設備,,0.9,verified,,,unknown,2026,,,source_manual_seed_v2,
rel_0256,TWSE_3037,abf_substrate,PRODUCES,欣興生產 ABF 載板與 PCB,,0.9,verified,,,unknown,2026,,,source_manual_seed_v2,
rel_0257,TWSE_8046,abf_substrate,PRODUCES,南電生產 ABF 載板,,0.9,verified,,,unknown,2026,,,source_manual_seed_v2,
rel_0258,TWSE_2383,copper_clad_laminate,PRODUCES,台光電生產高階銅箔基板,,0.9,verified,,,unknown,2026,,,source_manual_seed_v2,
rel_0259,TPEX_6274,copper_clad_laminate,PRODUCES,台燿生產高頻高速銅箔基板,,0.9,verified,,,unknown,2026,,,source_manual_seed_v2,
rel_0260,TWSE_3533,connector,PRODUCES,嘉澤生產 CPU socket 與連接器,,0.9,verified,,,unknown,2026,,,source_manual_seed_v2,
rel_0261,TWSE_3653,vapor_chamber,PRODUCES,健策生產均熱片與散熱模組,,0.9,verified,,,unknown,2026,,,source_manual_seed_v2,
rel_0262,TWSE_1590,pneumatic_component,PRODUCES,亞德客-KY 生產氣動元件,,0.9,verified,,,unknown,2026,,,source_manual_seed_v2,
rel_0263,TWSE_2049,linear_guideway,PRODUCES,上銀生產線性滑軌與滾珠螺桿,,0.9,verified,,,unknown,2026,,,source_manual_seed_v2,
rel_0264,TWSE_2059,server_rail_kit,PRODUCES,川湖生產伺服器導軌,,0.9,verified,,,unknown,2026,,,source_manual_seed_v2,
rel_0265,TWSE_1519,heavy_electric_equipment,PRODUCES,華城生產變壓器等重電設備,,0.9,verified,,,unknown,2026,,,source_manual_seed_v2,
rel_0266,TWSE_1513,heavy_electric_equipment,PRODUCES,中興電生產重電與 GIS 設備,,0.9,verified,,,unknown,2026,,,source_manual_seed_v2,
rel_0267,TWSE_1504,heavy_electric_equipment,PRODUCES,東元生產馬達與機電設備,,0.85,verified,,,unknown,2026,,,source_manual_seed_v2,
rel_0268,TWSE_1605,wire_cable,PRODUCES,華新生產電線電纜,,0.9,verified,,,unknown,2026,,,source_manual_seed_v2,
rel_0269,TWSE_1301,petrochemical_product,PRODUCES,台塑生產 PVC 等塑化產品,,0.9,verified,,,unknown,2026,,,source_manual_seed_v2,
rel_0270,TWSE_1303,petrochemical_product,PRODUCES,南亞生產塑膠加工與電子材料,,0.9,verified,,,unknown,2026,,,source_manual_seed_v2,
rel_0271,TWSE_1326,petrochemical_product,PRODUCES,台化生產芳香烴與塑化產品,,0.9,verified,,,unknown,2026,,,source_manual_seed_v2,
rel_0272,TWSE_6505,refined_petroleum,PRODUCES,台塑化生產汽柴油等煉油產品,,0.9,verified,,,unknown,2026,,,source_manual_seed_v2,
rel_0273,TWSE_2002,steel_product,PRODUCES,中鋼生產鋼板鋼捲等鋼鐵產品,,0.9,verified,,,unknown,2026,,,source_manual_seed_v2,
rel_0274,TWSE_1101,cement_product,PRODUCES,台泥生產水泥,,0.9,verified,,,unknown,2026,,,source_manual_seed_v2,
rel_0275,TWSE_1216,food_beverage_product,PRODUCES,統一生產食品飲料,,0.9,verified,,,unknown,2026,,,source_manual_seed_v2,
rel_0276,TWSE_2912,retail_service,PRODUCES,統一超經營便利商店零售,,0.9,verified,,,unknown,2026,,,source_manual_seed_v2,
rel_0277,TWSE_8454,ecommerce_service,PRODUCES,富邦媒經營 momo 電商平台,,0.9,verified,,,unknown,2026,,,source_manual_seed_v2,
rel_0278,TWSE_1402,functional_fabric,PRODUCES,遠東新生產聚酯纖維與紡織品,,0.85,verified,,,unknown,2026,,,source_manual_seed_v2,
rel_0279,TWSE_1476,functional_fabric,PRODUCES,儒鴻生產機能性針織布與成衣,,0.9,verified,,,unknown,2026,,,source_manual_seed_v2,
rel_0280,TWSE_9904,footwear_manufacturing_service,PRODUCES,寶成為全球最大運動鞋代工廠,,0.9,verified,,,unknown,2026,,,source_manual_seed_v2,
rel_0281,TWSE_9910,footwear_manufacturing_service,PRODUCES,豐泰為 Nike 主要製鞋代工廠,,0.9,verified,,,unknown,2026,,,source_manual_seed_v2,
rel_0282,TWSE_2603,container_shipping_service,PRODUCES,長榮提供貨櫃航運服務,,0.9,verified,,,unknown,2026,,,source_manual_seed_v2,
rel_0283,TWSE_2609,container_shipping_service,PRODUCES,陽明提供貨櫃航運服務,,0.9,verified,,,unknown,2026,,,source_manual_seed_v2,
rel_0284,TWSE_2615,container_shipping_service,PRODUCES,萬海提供近洋貨櫃航運服務,,0.9,verified,,,unknown,2026,,,source_manual_seed_v2,
rel_0285,TWSE_2618,air_transport_service,PRODUCES,長榮航提供客貨航空運輸服務,,0.9,verified,,,unknown,2026,,,source_manual_seed_v2,
rel_0286,TWSE_2610,air_transport_service,PRODUCES,華航提供客貨航空運輸服務,,0.9,verified,,,unknown,2026,,,source_manual_seed_v2,
rel_0287,TWSE_2207,automobile,DISTRIBUTES,和泰車為 Toyota 台灣總代理,,0.9,verified,,,unknown,2026,,,source_manual_seed_v2,
rel_0288,TWSE_2201,automobile,PRODUCES,裕隆生產與代工汽車,,0.85,verified,,,unknown,2026,,,source_manual_seed_v2,
rel_0289,TWSE_2105,tire,PRODUCES,正新生產輪胎（瑪吉斯）,,0.9,verified,,,unknown,2026,,,source_manual_seed_v2,
rel_0290,TWSE_9921,bicycle_product,PRODUCES,巨大生產捷安特自行車,,0.9,verified,,,unknown,2026,,,source_manual_seed_v2,
rel_0291,TWSE_9914,bicycle_product,PRODUCES,美利達生產自行車,,0.9,verified,,,unknown,2026,,,source_manual_seed_v2,
rel_0292,TWSE_2634,aerospace_component,PRODUCES,漢翔生產航太結構件與軍機,,0.9,verified,,,unknown,2026,,,source_manual_seed_v2,
rel_0293,silicon_wafer,wafer_foundry_service,INPUT_OF,矽晶圓是晶圓代工的關鍵原材料,,0.9,verified,,,unknown,2026,,,source_manual_seed_v2,
rel_0294,copper_clad_laminate,server_pcb,INPUT_OF,銅箔基板是 PCB 的關鍵材料,,0.9,verified,,,unknown,2026,,,source_manual_seed_v2,
rel_0295,abf_substrate,ai_gpu,COMPONENT_OF,ABF 載板是高階晶片封裝關鍵組件,,0.85,verified,,,unknown,2026,,,source_manual_seed_v2,
rel_0296,petrochemical_product,functional_fabric,INPUT_OF,聚酯等塑化產品是機能布料原料,,0.8,verified,,,unknown,2026,,,source_manual_seed_v2,
rel_0297,steel_product,automobile,INPUT_OF,鋼材是汽車製造原料,,0.85,verified,,,unknown,2026,,,source_manual_seed_v2,
rel_0298,steel_product,heavy_electric_equipment,INPUT_OF,鋼材是重電設備原料,,0.75,verified,,,unknown,2026,,,source_manual_seed_v2,
rel_0299,wire_cable,heavy_electric_equipment,COMPONENT_OF,電線電纜用於重電與輸配電設備,,0.75,verified,,,unknown,2026,,,source_manual_seed_v2,
rel_0300,connector,ai_server,COMPONENT_OF,CPU socket 與高速連接器用於伺服器,,0.85,verified,,,unknown,2026,,,source_manual_seed_v2,
rel_0301,vapor_chamber,ai_server,COMPONENT_OF,均熱片用於伺服器晶片散熱,,0.85,verified,,,unknown,2026,,,source_manual_seed_v2,
rel_0302,server_rail_kit,ai_server,COMPONENT_OF,伺服器導軌用於機架伺服器,,0.85,verified,,,unknown,2026,,,source_manual_seed_v2,
rel_0303,bmc_chip,ai_server,COMPONENT_OF,BMC 晶片是伺服器遠端管理核心,,0.9,verified,,,unknown,2026,,,source_manual_seed_v2,
rel_0304,networking_switch,ai_datacenter,USED_IN,交換器用於資料中心網路,,0.9,verified,,,unknown,2026,,,source_manual_seed_v2,
rel_0305,power_management_ic,ai_server,COMPONENT_OF,電源管理 IC 用於伺服器供電,,0.8,verified,,,unknown,2026,,,source_manual_seed_v2,
rel_0306,usb_interface_ic,notebook_pc,COMPONENT_OF,高速介面 IC 用於 PC 平台,,0.8,verified,,,unknown,2026,,,source_manual_seed_v2,
rel_0307,nand_controller,notebook_pc,COMPONENT_OF,NAND 控制晶片用於 SSD 與 PC,,0.75,verified,,,unknown,2026,,,source_manual_seed_v2,
rel_0308,panel,notebook_pc,COMPONENT_OF,面板是筆電關鍵組件,,0.9,verified,,,unknown,2026,,,source_manual_seed_v2,
rel_0309,camera_lens,smartphone,COMPONENT_OF,光學鏡頭是智慧型手機關鍵組件,,0.9,verified,,,unknown,2026,,,source_manual_seed_v2,
rel_0310,passive_component_product,ai_server,COMPONENT_OF,MLCC 等被動元件用於伺服器主板,,0.85,verified,,,unknown,2026,,,source_manual_seed_v2,
rel_0311,passive_component_product,smartphone,COMPONENT_OF,被動元件用於智慧型手機,,0.85,verified,,,unknown,2026,,,source_manual_seed_v2,
rel_0312,silicon_ip,smartphone_soc,COMPONENT_OF,矽智財授權用於晶片設計,,0.75,verified,,,unknown,2026,,,source_manual_seed_v2,
rel_0313,asic_design_service,ai_gpu,INPUT_OF,ASIC 設計服務支援自研 AI 晶片開發,,0.7,verified,,,unknown,2026,,,source_manual_seed_v2,
rel_0314,financial_service,financial_market,USED_IN,金融服務用於金融市場,,0.85,verified,,,unknown,2026,,,source_manual_seed_v2,
rel_0315,insurance_service,financial_market,USED_IN,保險服務用於金融市場,,0.85,verified,,,unknown,2026,,,source_manual_seed_v2,
rel_0316,securities_service,financial_market,USED_IN,證券服務用於金融市場,,0.85,verified,,,unknown,2026,,,source_manual_seed_v2,
rel_0317,leasing_service,financial_market,USED_IN,租賃融資服務用於金融市場,,0.8,verified,,,unknown,2026,,,source_manual_seed_v2,
rel_0318,telecom_service,general_consumer,USED_IN,電信服務用於一般消費市場,,0.85,verified,,,unknown,2026,,,source_manual_seed_v2,
rel_0319,telecom_service,cloud_computing,ENABLES,電信網路是雲端服務基礎設施,,0.75,verified,,,unknown,2026,,,source_manual_seed_v2,
rel_0320,container_shipping_service,global_trade,USED_IN,貨櫃航運服務用於全球貿易,,0.9,verified,,,unknown,2026,,,source_manual_seed_v2,
rel_0321,air_transport_service,global_trade,USED_IN,航空運輸用於全球貿易與旅運,,0.85,verified,,,unknown,2026,,,source_manual_seed_v2,
rel_0322,cement_product,construction,USED_IN,水泥用於營建工程,,0.9,verified,,,unknown,2026,,,source_manual_seed_v2,
rel_0323,steel_product,construction,USED_IN,鋼材用於營建工程,,0.85,verified,,,unknown,2026,,,source_manual_seed_v2,
rel_0324,refined_petroleum,global_trade,USED_IN,汽柴油燃料用於運輸與貿易活動,,0.75,verified,,,unknown,2026,,,source_manual_seed_v2,
rel_0325,food_beverage_product,general_consumer,USED_IN,食品飲料用於一般消費市場,,0.9,verified,,,unknown,2026,,,source_manual_seed_v2,
rel_0326,retail_service,general_consumer,USED_IN,零售通路服務一般消費市場,,0.9,verified,,,unknown,2026,,,source_manual_seed_v2,
rel_0327,ecommerce_service,general_consumer,USED_IN,電商平台服務一般消費市場,,0.9,verified,,,unknown,2026,,,source_manual_seed_v2,
rel_0328,functional_fabric,general_consumer,USED_IN,機能布料用於運動服飾消費市場,,0.8,verified,,,unknown,2026,,,source_manual_seed_v2,
rel_0329,footwear_manufacturing_service,general_consumer,USED_IN,運動鞋代工服務全球品牌消費市場,,0.8,verified,,,unknown,2026,,,source_manual_seed_v2,
rel_0330,automobile,automotive_market,USED_IN,汽車銷售於汽車市場,,0.9,verified,,,unknown,2026,,,source_manual_seed_v2,
rel_0331,tire,automotive_market,USED_IN,輪胎用於汽車市場,,0.9,verified,,,unknown,2026,,,source_manual_seed_v2,
rel_0332,bicycle_product,general_consumer,USED_IN,自行車銷售於消費市場,,0.85,verified,,,unknown,2026,,,source_manual_seed_v2,
rel_0333,heavy_electric_equipment,green_energy,USED_IN,重電設備用於電網與綠能建設,,0.85,verified,,,unknown,2026,,,source_manual_seed_v2,
rel_0334,pneumatic_component,industrial_automation,USED_IN,氣動元件用於工業自動化,,0.9,verified,,,unknown,2026,,,source_manual_seed_v2,
rel_0335,linear_guideway,industrial_automation,USED_IN,線性滑軌用於工具機與自動化設備,,0.9,verified,,,unknown,2026,,,source_manual_seed_v2,
rel_0336,industrial_pc,industrial_automation,USED_IN,工業電腦用於工業自動化,,0.9,verified,,,unknown,2026,,,source_manual_seed_v2,
rel_0337,test_equipment,industrial_automation,USED_IN,量測設備用於製造測試自動化,,0.8,verified,,,unknown,2026,,,source_manual_seed_v2,
rel_0338,aerospace_component,aerospace_market,USED_IN,航太結構件用於航太市場,,0.9,verified,,,unknown,2026,,,source_manual_seed_v2,
rel_0339,motherboard_gpu_card,pc_notebook,USED_IN,板卡用於 PC 與電競市場,,0.9,verified,,,unknown,2026,,,source_manual_seed_v2,
rel_0340,notebook_pc,pc_notebook,USED_IN,筆電銷售於 PC 市場,,0.9,verified,,,unknown,2026,,,source_manual_seed_v2,
rel_0341,industrial_pc,edge_ai,USED_IN,工業電腦用於邊緣 AI 場景,,0.7,verified,,,unknown,2026,,,source_manual_seed_v2,
rel_0342,ai_datacenter,heavy_electric_equipment,INCREASES_DEMAND_FOR,AI 資料中心用電成長推升重電設備需求,,0.6,candidate,,,inferred,2026,,,source_manual_seed_v2,媒體與法說推論
rel_0343,ai_datacenter,networking_switch,INCREASES_DEMAND_FOR,AI 資料中心推升高速交換器需求,,0.75,verified,,,unknown,2026,,,source_manual_seed_v2,
rel_0344,ai_datacenter,abf_substrate,INCREASES_DEMAND_FOR,AI 晶片放量推升 ABF 載板需求,,0.6,candidate,,,inferred,2026,,,source_manual_seed_v2,媒體推論
rel_0345,global_trade,container_shipping_service,DRIVES_DEMAND_FOR,全球貿易量驅動貨櫃航運需求,,0.8,verified,,,unknown,2026,,,source_manual_seed_v2,
rel_0346,green_energy,heavy_electric_equipment,DRIVES_DEMAND_FOR,綠能與強韌電網政策驅動重電需求,,0.75,verified,,,unknown,2026,,,source_manual_seed_v2,
rel_0347,TWSE_2330,TWSE_3443,OWNS,台積電為創意最大股東,,0.85,verified,,,unknown,2026,,,source_manual_seed_v2,
rel_0348,TWSE_2357,TWSE_5269,OWNS,華碩為祥碩母公司,,0.75,verified,,,unknown,2026,,,source_manual_seed_v2,
rel_0349,TWSE_3231,TWSE_6669,OWNS,緯創為緯穎母公司（持股）,,0.8,verified,,,unknown,2026,,,source_manual_seed_v2,
rel_0350,TWSE_2317,TWSE_2354,OWNS,鴻海為鴻準大股東,,0.75,verified,,,unknown,2026,,,source_manual_seed_v2,
rel_0351,TWSE_1216,TWSE_2912,OWNS,統一為統一超母公司,,0.9,verified,,,unknown,2026,,,source_manual_seed_v2,
rel_0352,TWSE_3045,TWSE_8454,OWNS,台灣大為富邦媒大股東,,0.7,verified,,,unknown,2026,,,source_manual_seed_v2,
rel_0353,TWSE_1301,TWSE_6505,OWNS,台塑持有台塑化股權,,0.75,verified,,,unknown,2026,,,source_manual_seed_v2,
rel_0354,TWSE_1303,TWSE_6505,OWNS,南亞持有台塑化股權,,0.75,verified,,,unknown,2026,,,source_manual_seed_v2,
rel_0355,TWSE_1326,TWSE_6505,OWNS,台化持有台塑化股權,,0.75,verified,,,unknown,2026,,,source_manual_seed_v2,
rel_0356,TWSE_2303,TWSE_2330,COMPETES_WITH,聯電與台積電在晶圓代工競爭,wafer_foundry_service,0.8,verified,,,unknown,2026,,,source_manual_seed_v2,
rel_0357,TWSE_2303,TPEX_5347,COMPETES_WITH,聯電與世界先進在成熟製程競爭,mature_foundry_service,0.85,verified,,,unknown,2026,,,source_manual_seed_v2,
rel_0358,TWSE_2303,TWSE_6770,COMPETES_WITH,聯電與力積電在成熟製程競爭,mature_foundry_service,0.8,verified,,,unknown,2026,,,source_manual_seed_v2,
rel_0359,TWSE_2409,TWSE_3481,COMPETES_WITH,友達與群創在面板市場競爭,panel,0.9,verified,,,unknown,2026,,,source_manual_seed_v2,
rel_0360,TWSE_2357,TWSE_2353,COMPETES_WITH,華碩與宏碁在 PC 品牌競爭,notebook_pc,0.9,verified,,,unknown,2026,,,source_manual_seed_v2,
rel_0361,TWSE_2377,TWSE_2376,COMPETES_WITH,微星與技嘉在板卡市場競爭,motherboard_gpu_card,0.9,verified,,,unknown,2026,,,source_manual_seed_v2,
rel_0362,TWSE_2301,TWSE_2308,COMPETES_WITH,光寶科與台達電在電源市場競爭,server_power_supply,0.8,verified,,,unknown,2026,,,source_manual_seed_v2,
rel_0363,TWSE_2603,TWSE_2609,COMPETES_WITH,長榮與陽明在貨櫃航運競爭,container_shipping_service,0.9,verified,,,unknown,2026,,,source_manual_seed_v2,
rel_0364,TWSE_2609,TWSE_2615,COMPETES_WITH,陽明與萬海在貨櫃航運競爭,container_shipping_service,0.85,verified,,,unknown,2026,,,source_manual_seed_v2,
rel_0365,TWSE_2618,TWSE_2610,COMPETES_WITH,長榮航與華航在航空市場競爭,air_transport_service,0.9,verified,,,unknown,2026,,,source_manual_seed_v2,
rel_0366,TWSE_9921,TWSE_9914,COMPETES_WITH,巨大與美利達在自行車市場競爭,bicycle_product,0.9,verified,,,unknown,2026,,,source_manual_seed_v2,
rel_0367,TWSE_3037,TWSE_8046,COMPETES_WITH,欣興與南電在 ABF 載板競爭,abf_substrate,0.85,verified,,,unknown,2026,,,source_manual_seed_v2,
rel_0368,TWSE_2383,TPEX_6274,COMPETES_WITH,台光電與台燿在高階 CCL 競爭,copper_clad_laminate,0.85,verified,,,unknown,2026,,,source_manual_seed_v2,
rel_0369,TWSE_6239,TWSE_3711,COMPETES_WITH,力成與日月光在封測市場競爭,osat_service,0.8,verified,,,unknown,2026,,,source_manual_seed_v2,
rel_0370,TWSE_4938,US_AAPL,ASSEMBLES_FOR,和碩為 Apple 主要組裝代工廠之一,smartphone,0.85,verified,,,unknown,2026,,,source_manual_seed_v2,
rel_0371,TWSE_3008,US_AAPL,SUPPLIES_TO,大立光供應 Apple 手機鏡頭,camera_lens,0.8,verified,,,unknown,2026,,,source_manual_seed_v2,
rel_0372,TWSE_2303,TWSE_3034,MANUFACTURES_FOR,聯電為聯詠代工驅動 IC,display_driver_ic,0.6,candidate,,,inferred,2026,,,source_manual_seed_v2,產業慣例推論
rel_0373,TWSE_3532,TWSE_2330,SUPPLIES_TO,台勝科供應矽晶圓給台積電,silicon_wafer,0.6,candidate,,,inferred,2026,,,source_manual_seed_v2,產業推論
rel_0374,TWSE_3532,TWSE_2303,SUPPLIES_TO,台勝科供應矽晶圓給聯電,silicon_wafer,0.55,candidate,,,inferred,2026,,,source_manual_seed_v2,產業推論
rel_0375,TWSE_2383,TWSE_2368,SUPPLIES_TO,台光電供應 CCL 給金像電,copper_clad_laminate,0.6,candidate,,,inferred,2026,,,source_manual_seed_v2,媒體報導推論
rel_0376,TWSE_2383,TWSE_3044,SUPPLIES_TO,台光電供應 CCL 給健鼎,copper_clad_laminate,0.55,candidate,,,inferred,2026,,,source_manual_seed_v2,產業推論
rel_0377,TWSE_3037,US_NVDA,SUPPLIES_TO,欣興供應 ABF 載板給 NVIDIA,abf_substrate,0.55,candidate,,,inferred,2026,,,source_manual_seed_v2,媒體推論
rel_0378,TWSE_2059,TWSE_2382,SUPPLIES_TO,川湖供應伺服器導軌給廣達,server_rail_kit,0.55,candidate,,,inferred,2026,,,source_manual_seed_v2,媒體推論
rel_0379,TWSE_2059,TWSE_6669,SUPPLIES_TO,川湖供應伺服器導軌給緯穎,server_rail_kit,0.55,candidate,,,inferred,2026,,,source_manual_seed_v2,媒體推論
rel_0380,TWSE_3533,TWSE_2382,SUPPLIES_TO,嘉澤供應 socket 與連接器給廣達,connector,0.55,candidate,,,inferred,2026,,,source_manual_seed_v2,媒體推論
rel_0381,TPEX_5274,TWSE_2382,SUPPLIES_TO,信驊供應 BMC 晶片給廣達,bmc_chip,0.6,candidate,,,inferred,2026,,,source_manual_seed_v2,產業推論
rel_0382,TPEX_5274,TWSE_6669,SUPPLIES_TO,信驊供應 BMC 晶片給緯穎,bmc_chip,0.6,candidate,,,inferred,2026,,,source_manual_seed_v2,產業推論
rel_0383,TWSE_2449,US_NVDA,SUPPLIES_TO,京元電子為 NVIDIA 提供晶片測試,osat_service,0.6,candidate,,,inferred,2026,,,source_manual_seed_v2,媒體報導
rel_0384,US_NVDA,TWSE_2376,SUPPLIES_TO,NVIDIA 供應 GPU 晶片給技嘉,ai_gpu,0.6,candidate,,,inferred,2026,,,source_manual_seed_v2,板卡夥伴關係
rel_0385,US_NVDA,TWSE_2377,SUPPLIES_TO,NVIDIA 供應 GPU 晶片給微星,ai_gpu,0.6,candidate,,,inferred,2026,,,source_manual_seed_v2,板卡夥伴關係
rel_0386,US_NVDA,TWSE_2357,SUPPLIES_TO,NVIDIA 供應 GPU 晶片給華碩,ai_gpu,0.6,candidate,,,inferred,2026,,,source_manual_seed_v2,板卡夥伴關係
rel_0387,TWSE_3653,US_NVDA,SUPPLIES_TO,健策供應均熱片用於 NVIDIA GPU,vapor_chamber,0.5,candidate,,,inferred,2026,,,source_manual_seed_v2,媒體推論
rel_0388,TWSE_2301,TWSE_2382,SUPPLIES_TO,光寶科供應電源給廣達伺服器,server_power_supply,0.55,candidate,,,inferred,2026,,,source_manual_seed_v2,產業推論
rel_0389,TWSE_2327,TWSE_2317,SUPPLIES_TO,國巨供應被動元件給鴻海,passive_component_product,0.6,candidate,,,inferred,2026,,,source_manual_seed_v2,產業推論
rel_0390,TWSE_1476,US_NKE,SUPPLIES_TO,儒鴻供應機能布料與成衣給 Nike,functional_fabric,0.6,candidate,,,inferred,2026,,,source_manual_seed_v2,媒體報導
rel_0391,TWSE_9910,US_NKE,SUPPLIES_TO,豐泰為 Nike 主要製鞋代工廠,footwear_manufacturing_service,0.85,verified,,,unknown,2026,,,source_manual_seed_v2,
rel_0392,TWSE_2002,TWSE_2201,SUPPLIES_TO,中鋼供應鋼材給裕隆汽車,steel_product,0.55,candidate,,,inferred,2026,,,source_manual_seed_v2,產業推論
rel_0393,TWSE_2634,US_BA,SUPPLIES_TO,漢翔供應航太結構件給 Boeing,aerospace_component,0.7,verified,,,unknown,2026,,,source_manual_seed_v2,
